,Fecha_registro,Fecha_contacto,Id,Genero,Casado,Dependientes,Educacion,Trabaja_para_el,Salario,Salario_Pareja,Credito_pedido,Plazo_prestamo,Historial_crediticio,Area_vivienda,Estatus_prestamo,Asesor_asignado
0,02/26/2019 11:00 AM,02/27/2019 12:03 PM,LP002519,Hombre,Si,3+,Graduado,No,4691,0.0,100.0,360.0,1.0,Semiurbana,Si,Dudley
1,02/27/2019 02:52 PM,02/26/2019 07:43 AM,LP001280,Hombre,Si,2,No Graduado,No,3333,2000.0,99.0,360.0,,Semiurbana,Si,Pablo
2,02/27/2019 08:18 AM,02/28/2019 02:27 PM,LP001151,Mujer,No,0,Graduado,No,4000,2275.0,144.0,360.0,1.0,Semiurbana,Si,Dudley
3,02/28/2019 10:00 AM,03/01/2019 12:57 PM,LP002036,Hombre,Si,0,Graduado,No,2058,2134.0,88.0,360.0,,Urabana,Si,Ana
4,02/26/2019 07:40 AM,02/27/2019 04:35 PM,LP002894,Mujer,Si,0,Graduado,No,3166,0.0,36.0,360.0,1.0,Semiurbana,Si,Regina
5,02/27/2019 08:07 AM,02/28/2019 12:42 PM,LP001404,Mujer,Si,0,Graduado,No,3167,2283.0,154.0,360.0,1.0,Semiurbana,Si,Pablo
6,02/27/2019 10:19 AM,02/28/2019 05:26 PM,LP001112,Mujer,Si,0,Graduado,No,3667,1459.0,144.0,360.0,1.0,Semiurbana,Si,Pablo
7,02/28/2019 10:34 AM,03/01/2019 01:43 PM,LP002272,Hombre,Si,2,Graduado,No,3276,484.0,135.0,360.0,,Semiurbana,Si,Ana
8,02/27/2019 09:14 AM,02/28/2019 03:54 PM,LP002958,Hombre,No,0,Graduado,No,3676,4301.0,172.0,360.0,1.0,Rural,Si,Pablo
9,02/27/2019 08:44 AM,02/28/2019 03:40 PM,LP001560,Hombre,Si,0,No Graduado,No,1863,1041.0,98.0,360.0,1.0,Semiurbana,Si,Regina
10,02/26/2019 10:10 AM,02/27/2019 05:20 PM,LP001891,Hombre,Si,0,Graduado,No,11146,0.0,136.0,360.0,1.0,Urabana,Si,Ana
11,02/28/2019 11:41 AM,03/01/2019 06:53 PM,LP001520,Hombre,Si,0,Graduado,No,4860,830.0,125.0,360.0,1.0,Semiurbana,Si,Pablo
12,02/27/2019 08:43 AM,02/28/2019 12:02 PM,LP001978,Hombre,No,0,Graduado,No,4000,2500.0,140.0,360.0,1.0,Rural,Si,Pablo
13,02/26/2019 11:45 AM,02/27/2019 05:51 PM,LP001243,Hombre,Si,0,Graduado,No,3208,3066.0,172.0,360.0,1.0,Urabana,Si,Dudley
14,02/27/2019 09:01 AM,02/28/2019 02:19 PM,LP001953,Hombre,Si,1,Graduado,No,6875,0.0,200.0,360.0,1.0,Semiurbana,Si,Ana
15,02/28/2019 10:14 AM,03/01/2019 03:55 PM,LP002448,Hombre,Si,0,Graduado,No,3948,1733.0,149.0,360.0,0.0,Rural,No,
16,02/28/2019 08:55 AM,03/01/2019 06:07 PM,LP001758,Hombre,Si,2,Graduado,No,6250,1695.0,210.0,360.0,1.0,Semiurbana,Si,Pablo
17,02/28/2019 10:02 AM,03/01/2019 01:11 PM,LP001954,Mujer,Si,1,Graduado,No,4666,0.0,135.0,360.0,1.0,Urabana,Si,Ana
18,02/27/2019 08:39 AM,02/28/2019 02:47 PM,LP001478,Hombre,No,0,Graduado,No,2718,0.0,70.0,360.0,1.0,Semiurbana,Si,Ana
19,02/26/2019 07:21 AM,02/27/2019 04:15 PM,LP001788,Mujer,No,0,Graduado,Si,3463,0.0,122.0,360.0,,Urabana,Si,Ana
20,02/26/2019 07:38 AM,02/27/2019 01:47 PM,LP001282,Hombre,Si,0,Graduado,No,2500,2118.0,104.0,360.0,1.0,Semiurbana,Si,Santiago
21,02/26/2019 08:10 AM,02/27/2019 05:44 PM,LP002424,Hombre,Si,0,Graduado,No,7333,8333.0,175.0,300.0,,Rural,Si,Regina
22,02/28/2019 10:42 AM,03/01/2019 05:56 PM,LP002684,Mujer,No,0,No Graduado,No,3400,0.0,95.0,360.0,1.0,Rural,No,
23,02/26/2019 07:14 AM,02/27/2019 12:06 PM,LP002670,Mujer,Si,2,Graduado,No,2031,1632.0,113.0,480.0,1.0,Semiurbana,Si,Dudley
24,02/26/2019 10:44 AM,02/27/2019 05:02 PM,LP001844,Hombre,No,0,Graduado,Si,16250,0.0,192.0,360.0,0.0,Urabana,No,
25,02/26/2019 07:03 AM,02/27/2019 12:42 PM,LP002547,Hombre,Si,1,Graduado,No,18333,0.0,500.0,360.0,1.0,Urabana,No,
26,02/26/2019 09:43 AM,02/27/2019 02:21 PM,LP002543,Hombre,Si,2,Graduado,No,8333,0.0,246.0,360.0,1.0,Semiurbana,Si,Pablo
27,02/26/2019 08:27 AM,02/27/2019 03:46 PM,LP001003,Hombre,Si,1,Graduado,No,4583,1508.0,128.0,360.0,1.0,Rural,No,
28,02/27/2019 09:44 AM,02/28/2019 02:03 PM,LP002446,Hombre,Si,2,No Graduado,No,2309,1255.0,125.0,360.0,0.0,Rural,No,
29,02/28/2019 11:37 AM,03/01/2019 04:40 PM,LP002398,Hombre,No,0,Graduado,No,1926,1851.0,50.0,360.0,1.0,Semiurbana,Si,Dudley
30,02/26/2019 10:05 AM,02/27/2019 05:18 PM,LP001784,Hombre,Si,1,Graduado,No,5500,1260.0,170.0,360.0,1.0,Rural,Si,Ana
31,02/28/2019 11:20 AM,03/01/2019 02:40 PM,LP001726,Hombre,Si,0,Graduado,No,3727,1775.0,131.0,360.0,1.0,Semiurbana,Si,Dudley
32,02/28/2019 08:09 AM,03/01/2019 06:34 PM,LP001647,Hombre,Si,0,Graduado,No,9328,0.0,188.0,180.0,1.0,Rural,Si,Regina
33,02/26/2019 07:05 AM,02/27/2019 05:59 PM,LP001008,Hombre,No,0,Graduado,No,6000,0.0,141.0,360.0,1.0,Urabana,Si,Pablo
34,02/27/2019 07:29 AM,02/28/2019 12:42 PM,LP001572,Hombre,Si,0,Graduado,No,9323,0.0,75.0,180.0,1.0,Urabana,Si,Pablo
35,02/27/2019 07:59 AM,02/28/2019 12:10 PM,LP001768,Hombre,Si,0,Graduado,,3716,0.0,42.0,180.0,1.0,Rural,Si,Dudley
36,02/28/2019 07:46 AM,03/01/2019 03:21 PM,LP002833,Hombre,Si,0,No Graduado,No,4467,0.0,120.0,360.0,,Rural,Si,Pablo
37,02/28/2019 11:10 AM,03/01/2019 04:50 PM,LP001431,Mujer,No,0,Graduado,No,2137,8980.0,137.0,360.0,0.0,Semiurbana,Si,Santiago
38,02/28/2019 08:24 AM,03/01/2019 06:27 PM,LP002917,Mujer,No,0,No Graduado,No,2165,0.0,70.0,360.0,1.0,Semiurbana,Si,Ana
39,02/26/2019 08:41 AM,02/27/2019 06:09 PM,LP002112,Hombre,Si,2,Graduado,Si,2500,4600.0,176.0,360.0,1.0,Rural,Si,Regina
40,02/27/2019 08:47 AM,02/28/2019 01:37 PM,LP002141,Hombre,Si,3+,Graduado,No,2666,2083.0,95.0,360.0,1.0,Rural,Si,Regina
41,02/26/2019 07:59 AM,02/27/2019 04:02 PM,LP001751,Hombre,Si,0,Graduado,No,3250,0.0,170.0,360.0,1.0,Rural,No,
42,02/26/2019 08:50 AM,02/27/2019 03:47 PM,LP001888,Mujer,No,0,Graduado,No,3237,0.0,30.0,360.0,1.0,Urabana,Si,Santiago
43,02/27/2019 07:46 AM,02/28/2019 04:52 PM,LP002841,Hombre,Si,0,Graduado,No,3166,2064.0,104.0,360.0,0.0,Urabana,No,
44,02/28/2019 07:50 AM,03/01/2019 05:47 PM,LP002455,Hombre,Si,2,Graduado,No,3859,0.0,96.0,360.0,1.0,Semiurbana,Si,Regina
45,02/28/2019 10:18 AM,03/01/2019 03:18 PM,LP002821,Hombre,No,0,No Graduado,Si,5800,0.0,132.0,360.0,1.0,Semiurbana,Si,Ana
46,02/26/2019 07:14 AM,02/27/2019 05:13 PM,LP001734,Mujer,Si,2,Graduado,No,4283,2383.0,127.0,360.0,,Semiurbana,Si,Dudley
47,02/26/2019 10:10 AM,02/27/2019 05:07 PM,LP001144,Hombre,Si,0,Graduado,No,5821,0.0,144.0,360.0,1.0,Urabana,Si,Ana
48,02/28/2019 07:43 AM,03/01/2019 01:30 PM,LP001392,Mujer,No,1,Graduado,Si,7451,0.0,,360.0,1.0,Semiurbana,Si,Ana
49,02/28/2019 11:00 AM,03/01/2019 12:25 PM,LP002175,Hombre,Si,0,Graduado,No,4750,2333.0,130.0,360.0,1.0,Urabana,Si,Ana
50,02/28/2019 09:33 AM,03/01/2019 12:41 PM,LP002369,Hombre,Si,0,Graduado,No,2920,16.12000084,87.0,360.0,1.0,Rural,Si,Regina
51,02/28/2019 09:11 AM,03/01/2019 04:37 PM,LP002941,Hombre,Si,2,No Graduado,Si,6383,1000.0,187.0,360.0,1.0,Rural,No,
52,02/26/2019 07:43 AM,02/27/2019 06:06 PM,LP002205,Hombre,No,1,Graduado,No,3062,1987.0,111.0,180.0,0.0,Urabana,No,
53,02/28/2019 10:38 AM,03/01/2019 02:20 PM,LP002243,Hombre,Si,0,No Graduado,No,3010,3136.0,,360.0,0.0,Urabana,No,
54,02/27/2019 11:03 AM,02/28/2019 01:18 PM,LP002170,Hombre,Si,2,Graduado,No,5000,3667.0,236.0,360.0,1.0,Semiurbana,Si,Ana
55,02/26/2019 10:22 AM,02/27/2019 03:45 PM,LP002065,Hombre,Si,3+,Graduado,No,15000,0.0,300.0,360.0,1.0,Rural,Si,Regina
56,02/28/2019 09:26 AM,03/01/2019 01:33 PM,LP001013,Hombre,Si,0,No Graduado,No,2333,1516.0,95.0,360.0,1.0,Urabana,Si,Ana
57,02/26/2019 10:58 AM,02/27/2019 06:29 PM,LP001401,Hombre,Si,1,Graduado,No,14583,0.0,185.0,180.0,1.0,Rural,Si,Ana
58,02/27/2019 08:59 AM,02/28/2019 01:52 PM,LP001387,Mujer,Si,0,Graduado,,2929,2333.0,139.0,360.0,1.0,Semiurbana,Si,Dudley
59,02/27/2019 09:17 AM,02/28/2019 06:30 PM,LP001811,Hombre,Si,0,No Graduado,No,3406,4417.0,123.0,360.0,1.0,Semiurbana,Si,Pablo
60,02/27/2019 08:53 AM,02/28/2019 02:20 PM,LP001005,Hombre,Si,0,Graduado,Si,3000,0.0,66.0,360.0,1.0,Urabana,Si,Dudley
61,02/27/2019 07:35 AM,02/28/2019 03:36 PM,LP002961,Hombre,Si,1,Graduado,No,3400,2500.0,173.0,360.0,1.0,Semiurbana,Si,Dudley
62,02/26/2019 07:10 AM,02/27/2019 12:01 PM,LP001465,Hombre,Si,0,Graduado,No,6080,2569.0,182.0,360.0,,Rural,No,
63,02/27/2019 09:08 AM,02/28/2019 01:45 PM,LP002160,Hombre,Si,3+,Graduado,No,5167,3167.0,200.0,360.0,1.0,Semiurbana,Si,Santiago
64,02/26/2019 07:20 AM,02/27/2019 02:01 PM,LP001633,Hombre,Si,1,Graduado,No,6400,7250.0,180.0,360.0,0.0,Urabana,No,
65,02/27/2019 10:23 AM,02/28/2019 12:33 PM,LP001846,Mujer,No,3+,Graduado,No,3083,0.0,255.0,360.0,1.0,Rural,Si,Regina
66,02/27/2019 10:40 AM,02/28/2019 04:04 PM,LP001892,Hombre,No,0,Graduado,No,2833,1857.0,126.0,360.0,1.0,Rural,Si,Ana
67,02/26/2019 10:30 AM,02/27/2019 06:13 PM,LP001673,Hombre,No,0,Graduado,Si,11000,0.0,83.0,360.0,1.0,Urabana,No,
68,02/28/2019 11:24 AM,03/01/2019 05:18 PM,LP001002,Hombre,No,0,Graduado,No,5849,0.0,,360.0,1.0,Urabana,Si,Regina
69,02/28/2019 08:10 AM,03/01/2019 03:24 PM,LP002938,Hombre,Si,0,Graduado,Si,16120,0.0,260.0,360.0,1.0,Urabana,Si,Dudley
70,02/28/2019 07:48 AM,03/01/2019 06:34 PM,LP001807,Hombre,Si,2,Graduado,Si,6250,1300.0,108.0,360.0,1.0,Rural,Si,Pablo
71,02/27/2019 10:47 AM,02/28/2019 12:09 PM,LP002370,Hombre,No,0,No Graduado,No,2717,0.0,60.0,180.0,1.0,Urabana,Si,Ana
72,02/27/2019 11:10 AM,02/28/2019 04:01 PM,LP002097,Hombre,No,1,Graduado,No,4384,1793.0,117.0,360.0,1.0,Urabana,Si,Dudley
73,02/26/2019 09:28 AM,02/27/2019 12:28 PM,LP002103,,Si,1,Graduado,Si,9833,1833.0,182.0,180.0,1.0,Urabana,Si,Pablo
74,02/28/2019 11:09 AM,03/01/2019 04:57 PM,LP001508,Hombre,Si,2,Graduado,No,11757,0.0,187.0,180.0,1.0,Urabana,Si,Ana
75,02/28/2019 10:37 AM,03/01/2019 12:21 PM,LP001333,Hombre,Si,0,Graduado,No,1977,997.0,50.0,360.0,1.0,Semiurbana,Si,Santiago
76,02/27/2019 07:44 AM,02/28/2019 05:49 PM,LP002144,Mujer,No,,Graduado,No,3813,0.0,116.0,180.0,1.0,Urabana,Si,Ana
77,02/28/2019 08:13 AM,03/01/2019 04:10 PM,LP002877,Hombre,Si,1,Graduado,No,1782,2232.0,107.0,360.0,1.0,Rural,Si,Pablo
78,02/27/2019 09:00 AM,02/28/2019 01:36 PM,LP001222,Mujer,No,0,Graduado,No,4166,0.0,116.0,360.0,0.0,Semiurbana,No,
79,02/28/2019 07:42 AM,03/01/2019 01:00 PM,LP002201,Hombre,Si,2,Graduado,Si,9323,7873.0,380.0,300.0,1.0,Rural,Si,Ana
80,02/27/2019 10:23 AM,02/28/2019 04:05 PM,LP002424,Hombre,Si,0,Graduado,No,7333,8333.0,175.0,300.0,,Rural,Si,Ana
81,02/27/2019 09:29 AM,02/28/2019 12:46 PM,LP001138,Hombre,Si,1,Graduado,No,5649,0.0,44.0,360.0,1.0,Urabana,Si,Pablo
82,02/26/2019 09:28 AM,02/27/2019 01:34 PM,LP001658,Hombre,No,0,Graduado,No,3858,0.0,76.0,360.0,1.0,Semiurbana,Si,Santiago
83,02/28/2019 09:35 AM,03/01/2019 02:05 PM,LP001197,Hombre,Si,0,Graduado,No,3366,2200.0,135.0,360.0,1.0,Rural,No,
84,02/28/2019 08:51 AM,03/01/2019 05:53 PM,LP002842,Hombre,Si,1,Graduado,No,3417,1750.0,186.0,360.0,1.0,Urabana,Si,Dudley
85,02/26/2019 11:15 AM,02/27/2019 01:36 PM,LP001698,Hombre,No,0,No Graduado,No,3975,2531.0,55.0,360.0,1.0,Rural,Si,Santiago
86,02/27/2019 11:25 AM,02/28/2019 04:20 PM,LP002364,Hombre,Si,0,Graduado,No,14880,0.0,96.0,360.0,1.0,Semiurbana,Si,Ana
87,02/26/2019 10:12 AM,02/27/2019 01:51 PM,LP001207,Hombre,Si,0,No Graduado,Si,2609,3449.0,165.0,180.0,0.0,Rural,No,
88,02/26/2019 07:49 AM,02/27/2019 01:04 PM,LP001266,Hombre,Si,1,Graduado,Si,2395,0.0,,360.0,1.0,Semiurbana,Si,Dudley
89,02/26/2019 07:56 AM,02/27/2019 01:47 PM,LP001426,Hombre,Si,,Graduado,No,5667,2667.0,180.0,360.0,1.0,Rural,Si,Pablo
90,02/27/2019 08:54 AM,02/28/2019 06:42 PM,LP001669,Mujer,No,0,No Graduado,No,1907,2365.0,120.0,,1.0,Urabana,Si,Santiago
91,02/27/2019 08:08 AM,02/28/2019 12:41 PM,LP002603,Mujer,No,0,Graduado,No,645,3683.0,113.0,480.0,1.0,Rural,Si,Ana
92,02/28/2019 10:38 AM,03/01/2019 01:50 PM,LP001546,Hombre,No,0,Graduado,,2980,2083.0,120.0,360.0,1.0,Rural,Si,Ana
93,02/28/2019 08:42 AM,03/01/2019 12:24 PM,LP002054,Hombre,Si,2,No Graduado,No,3601,1590.0,,360.0,1.0,Rural,Si,Santiago
94,02/27/2019 11:27 AM,02/28/2019 12:01 PM,LP001349,Hombre,No,0,Graduado,No,4843,3806.0,151.0,360.0,1.0,Semiurbana,Si,Pablo
95,02/26/2019 11:57 AM,02/27/2019 01:39 PM,LP002936,Hombre,Si,0,Graduado,No,3859,3300.0,142.0,180.0,1.0,Rural,Si,Pablo
96,02/26/2019 09:59 AM,02/27/2019 01:12 PM,LP002301,Mujer,No,0,Graduado,Si,7441,0.0,194.0,360.0,1.0,Rural,No,
97,02/28/2019 10:55 AM,03/01/2019 01:21 PM,LP001097,Hombre,No,1,Graduado,Si,4692,0.0,106.0,360.0,1.0,Rural,No,
98,02/27/2019 11:18 AM,02/28/2019 04:59 PM,LP001570,Hombre,Si,2,Graduado,No,4167,1447.0,158.0,360.0,1.0,Rural,Si,Pablo
99,02/26/2019 09:42 AM,02/27/2019 12:40 PM,LP001318,Hombre,Si,2,Graduado,No,6250,5654.0,188.0,180.0,1.0,Semiurbana,Si,Ana
100,02/26/2019 11:07 AM,02/27/2019 02:38 PM,LP001972,Hombre,Si,,No Graduado,No,2875,1750.0,105.0,360.0,1.0,Semiurbana,Si,Pablo
101,02/28/2019 11:23 AM,03/01/2019 06:24 PM,LP001263,Hombre,Si,3+,Graduado,No,3167,4000.0,180.0,300.0,0.0,Semiurbana,No,
102,02/26/2019 10:19 AM,02/27/2019 12:46 PM,LP002149,Hombre,Si,2,Graduado,No,8333,3167.0,165.0,360.0,1.0,Rural,Si,Ana
103,02/28/2019 09:43 AM,03/01/2019 05:28 PM,LP001245,Hombre,Si,2,No Graduado,Si,1875,1875.0,97.0,360.0,1.0,Semiurbana,Si,Santiago
104,02/26/2019 07:22 AM,02/27/2019 02:42 PM,LP002051,Hombre,Si,0,Graduado,No,2400,2167.0,115.0,360.0,1.0,Semiurbana,Si,Regina
105,02/26/2019 07:13 AM,02/27/2019 03:48 PM,LP002738,Hombre,No,2,Graduado,No,3617,0.0,107.0,360.0,1.0,Semiurbana,Si,Pablo
106,02/28/2019 08:25 AM,03/01/2019 01:00 PM,LP002714,Hombre,No,1,No Graduado,No,2679,1302.0,94.0,360.0,1.0,Semiurbana,Si,Dudley
107,02/28/2019 08:27 AM,03/01/2019 04:51 PM,LP002082,Hombre,Si,0,Graduado,Si,5818,2160.0,184.0,360.0,1.0,Semiurbana,Si,Regina
108,02/28/2019 07:08 AM,03/01/2019 04:28 PM,LP001935,Hombre,No,0,Graduado,No,9508,0.0,187.0,360.0,1.0,Rural,Si,Pablo
109,02/27/2019 08:30 AM,02/28/2019 12:53 PM,LP002314,Mujer,No,0,No Graduado,No,2213,0.0,66.0,360.0,1.0,Rural,Si,Santiago
110,02/27/2019 11:04 AM,02/28/2019 06:53 PM,LP001671,Mujer,Si,0,Graduado,No,3416,2816.0,113.0,360.0,,Semiurbana,Si,Pablo
111,02/26/2019 07:52 AM,02/27/2019 12:22 PM,LP001432,Hombre,Si,2,Graduado,No,2957,0.0,81.0,360.0,1.0,Semiurbana,Si,Regina
112,02/27/2019 09:32 AM,02/28/2019 01:45 PM,LP002137,Hombre,Si,0,Graduado,No,6333,4583.0,259.0,360.0,,Semiurbana,Si,Pablo
113,02/28/2019 08:20 AM,03/01/2019 02:31 PM,LP001915,Hombre,Si,2,Graduado,No,2301,985.7999877999998,78.0,180.0,1.0,Urabana,Si,Regina
114,02/27/2019 08:24 AM,02/28/2019 03:03 PM,LP001528,Hombre,No,0,Graduado,No,6277,0.0,118.0,360.0,0.0,Rural,No,
115,02/28/2019 11:57 AM,03/01/2019 06:46 PM,LP002588,Hombre,Si,0,Graduado,No,4625,2857.0,111.0,12.0,,Urabana,Si,Dudley
116,02/28/2019 11:20 AM,03/01/2019 04:30 PM,LP001792,Hombre,Si,1,Graduado,No,3315,0.0,96.0,360.0,1.0,Semiurbana,Si,Pablo
117,02/28/2019 09:32 AM,03/01/2019 01:52 PM,LP001806,Hombre,No,0,Graduado,No,2965,5701.0,155.0,60.0,1.0,Urabana,Si,Santiago
118,02/27/2019 08:46 AM,02/28/2019 05:46 PM,LP002531,Hombre,Si,1,Graduado,Si,16667,2250.0,86.0,360.0,1.0,Semiurbana,Si,Regina
119,02/28/2019 08:55 AM,03/01/2019 02:51 PM,LP002777,Hombre,Si,0,Graduado,No,2785,2016.0,110.0,360.0,1.0,Rural,Si,Santiago
120,02/26/2019 11:53 AM,02/27/2019 03:11 PM,LP001800,Hombre,Si,1,No Graduado,No,2510,1983.0,140.0,180.0,1.0,Urabana,No,
121,02/28/2019 11:02 AM,03/01/2019 06:40 PM,LP002501,,Si,0,Graduado,No,16692,0.0,110.0,360.0,1.0,Semiurbana,Si,Dudley
122,02/28/2019 08:11 AM,03/01/2019 02:01 PM,LP001087,Mujer,No,2,Graduado,,3750,2083.0,120.0,360.0,1.0,Semiurbana,Si,Santiago
123,02/26/2019 07:42 AM,02/27/2019 03:33 PM,LP001439,Hombre,Si,0,No Graduado,No,4300,2014.0,194.0,360.0,1.0,Rural,Si,Santiago
124,02/26/2019 08:38 AM,02/27/2019 02:44 PM,LP001877,Hombre,Si,2,Graduado,No,4708,1387.0,150.0,360.0,1.0,Semiurbana,Si,Dudley
125,02/27/2019 09:39 AM,02/28/2019 02:35 PM,LP002231,Mujer,No,0,Graduado,No,6000,0.0,156.0,360.0,1.0,Urabana,Si,Pablo
126,02/26/2019 10:48 AM,02/27/2019 06:25 PM,LP001641,Hombre,Si,1,Graduado,Si,2178,0.0,66.0,300.0,0.0,Rural,No,
127,02/28/2019 09:47 AM,03/01/2019 04:28 PM,LP002386,Hombre,No,0,Graduado,,12876,0.0,405.0,360.0,1.0,Semiurbana,Si,Santiago
128,02/26/2019 10:59 AM,02/27/2019 05:09 PM,LP002529,Hombre,Si,2,Graduado,No,6700,1750.0,230.0,300.0,1.0,Semiurbana,Si,Regina
129,02/28/2019 07:41 AM,03/01/2019 06:39 PM,LP001914,Hombre,Si,0,Graduado,No,3927,800.0,112.0,360.0,1.0,Semiurbana,Si,Pablo
130,02/28/2019 11:25 AM,03/01/2019 02:36 PM,LP002194,Mujer,No,0,Graduado,Si,15759,0.0,55.0,360.0,1.0,Semiurbana,Si,Santiago
131,02/27/2019 08:12 AM,02/28/2019 03:13 PM,LP002408,Hombre,No,0,Graduado,No,3660,5064.0,187.0,360.0,1.0,Semiurbana,Si,Dudley
132,02/27/2019 11:36 AM,02/28/2019 03:38 PM,LP001391,Hombre,Si,0,No Graduado,No,3572,4114.0,152.0,,0.0,Rural,No,
133,02/26/2019 07:06 AM,02/27/2019 04:18 PM,LP002345,Hombre,Si,0,Graduado,No,1025,2773.0,112.0,360.0,1.0,Rural,Si,Regina
134,02/26/2019 10:01 AM,02/27/2019 02:23 PM,LP001205,Hombre,Si,0,Graduado,No,2500,3796.0,120.0,360.0,1.0,Urabana,Si,Dudley
135,02/28/2019 01:54 PM,02/27/2019 10:28 AM,LP001917,Mujer,No,0,Graduado,No,1811,1666.0,54.0,360.0,1.0,Urabana,Si,Santiago
136,02/28/2019 10:19 AM,03/01/2019 01:03 PM,LP002390,Hombre,No,0,Graduado,No,3750,0.0,100.0,360.0,1.0,Urabana,Si,Regina
137,02/27/2019 07:44 AM,02/28/2019 02:16 PM,LP002236,Hombre,Si,2,Graduado,No,4566,0.0,100.0,360.0,1.0,Urabana,No,
138,02/26/2019 07:37 AM,02/27/2019 12:27 PM,LP002234,Hombre,No,0,Graduado,Si,7167,0.0,128.0,360.0,1.0,Urabana,Si,Santiago
139,02/28/2019 08:30 AM,03/01/2019 01:12 PM,LP002447,Hombre,Si,2,No Graduado,No,1958,1456.0,60.0,300.0,,Urabana,Si,Dudley
140,02/28/2019 11:40 AM,03/01/2019 04:05 PM,LP001859,Hombre,Si,0,Graduado,No,14683,2100.0,304.0,360.0,1.0,Rural,No,
141,02/26/2019 09:20 AM,02/27/2019 05:44 PM,LP002190,Hombre,Si,1,Graduado,No,6325,0.0,175.0,360.0,1.0,Semiurbana,Si,Santiago
142,02/26/2019 09:10 AM,02/27/2019 03:45 PM,LP002527,Hombre,Si,2,Graduado,Si,16525,1014.0,150.0,360.0,1.0,Rural,Si,Pablo
143,02/26/2019 10:29 AM,02/27/2019 05:06 PM,LP001350,Hombre,Si,,Graduado,No,13650,0.0,,360.0,1.0,Urabana,Si,Dudley
144,02/26/2019 07:50 AM,02/27/2019 04:43 PM,LP001904,Hombre,Si,0,Graduado,No,3103,1300.0,80.0,360.0,1.0,Urabana,Si,Regina
145,02/27/2019 07:03 AM,02/28/2019 05:27 PM,LP002002,Mujer,No,0,Graduado,No,2917,0.0,84.0,360.0,1.0,Semiurbana,Si,Ana
146,02/26/2019 08:34 AM,02/27/2019 03:08 PM,LP002114,Mujer,No,0,Graduado,No,4160,0.0,71.0,360.0,1.0,Semiurbana,Si,Regina
147,02/28/2019 10:17 AM,03/01/2019 04:31 PM,LP002116,Mujer,No,0,Graduado,No,2378,0.0,46.0,360.0,1.0,Rural,No,
148,02/26/2019 09:17 AM,02/27/2019 05:01 PM,LP002804,Mujer,Si,0,Graduado,No,4180,2306.0,182.0,360.0,1.0,Semiurbana,Si,Pablo
149,02/28/2019 11:21 AM,03/01/2019 12:39 PM,LP002086,Mujer,Si,0,Graduado,No,4333,2451.0,110.0,360.0,1.0,Urabana,No,
150,02/28/2019 07:12 AM,03/01/2019 01:47 PM,LP001819,Hombre,Si,1,No Graduado,No,6608,0.0,137.0,180.0,1.0,Urabana,Si,Ana
151,02/27/2019 11:27 AM,02/28/2019 03:57 PM,LP002582,Mujer,No,0,No Graduado,Si,17263,0.0,225.0,360.0,1.0,Semiurbana,Si,Regina
152,02/26/2019 11:33 AM,02/27/2019 12:24 PM,LP001206,Hombre,Si,3+,Graduado,No,3029,0.0,99.0,360.0,1.0,Urabana,Si,Pablo
153,02/28/2019 07:43 AM,03/01/2019 12:03 PM,LP001931,Mujer,No,0,Graduado,No,4124,0.0,115.0,360.0,1.0,Semiurbana,Si,Dudley
154,02/27/2019 07:54 AM,02/28/2019 04:14 PM,LP002541,Hombre,Si,0,Graduado,No,10833,0.0,234.0,360.0,1.0,Semiurbana,Si,Ana
155,02/26/2019 07:14 AM,02/27/2019 03:59 PM,LP002403,Hombre,No,0,Graduado,Si,10416,0.0,187.0,360.0,0.0,Urabana,No,
156,02/27/2019 01:09 PM,02/26/2019 10:00 AM,LP002586,Mujer,Si,1,Graduado,No,3326,913.0,105.0,84.0,1.0,Semiurbana,Si,Pablo
157,02/26/2019 11:48 AM,02/27/2019 06:16 PM,LP002524,Hombre,No,2,Graduado,No,5532,4648.0,162.0,360.0,1.0,Rural,Si,Pablo
158,02/27/2019 07:14 AM,02/28/2019 04:57 PM,LP001029,Hombre,No,0,Graduado,No,1853,2840.0,114.0,360.0,1.0,Rural,No,
159,02/28/2019 10:37 AM,03/01/2019 06:26 PM,LP002767,Hombre,Si,0,Graduado,No,2768,1950.0,155.0,360.0,1.0,Rural,Si,Santiago
160,02/27/2019 10:12 AM,02/28/2019 04:42 PM,LP002933,,No,3+,Graduado,Si,9357,0.0,292.0,360.0,1.0,Semiurbana,Si,Regina
161,02/26/2019 07:01 AM,02/27/2019 06:08 PM,LP002571,Hombre,No,0,No Graduado,No,3691,0.0,110.0,360.0,1.0,Rural,Si,Santiago
162,02/28/2019 11:57 AM,03/01/2019 03:49 PM,LP001519,Mujer,No,0,Graduado,No,10000,1666.0,225.0,360.0,1.0,Rural,No,
163,02/27/2019 07:01 AM,02/28/2019 03:11 PM,LP002916,Hombre,Si,0,Graduado,No,2297,1522.0,104.0,360.0,1.0,Urabana,Si,Santiago
164,02/28/2019 10:01 AM,03/01/2019 02:59 PM,LP001387,Mujer,Si,0,Graduado,,2929,2333.0,139.0,360.0,1.0,Semiurbana,Si,Ana
165,02/26/2019 10:45 AM,02/27/2019 05:23 PM,LP001109,Hombre,Si,0,Graduado,No,1828,1330.0,100.0,,0.0,Urabana,No,
166,02/28/2019 08:07 AM,03/01/2019 04:40 PM,LP001002,Hombre,No,0,Graduado,No,5849,0.0,,360.0,1.0,Urabana,Si,Santiago
167,02/27/2019 09:09 AM,02/28/2019 01:03 PM,LP002716,Hombre,No,0,No Graduado,No,6783,0.0,130.0,360.0,1.0,Semiurbana,Si,Dudley
168,02/26/2019 09:54 AM,02/27/2019 06:26 PM,LP001066,Hombre,Si,0,Graduado,Si,9560,0.0,191.0,360.0,1.0,Semiurbana,Si,Regina
169,02/26/2019 11:19 AM,02/27/2019 05:33 PM,LP001050,,Si,2,No Graduado,No,3365,1917.0,112.0,360.0,0.0,Rural,No,
170,02/26/2019 10:30 AM,02/27/2019 12:03 PM,LP001653,Hombre,No,0,No Graduado,No,4885,0.0,48.0,360.0,1.0,Rural,Si,Ana
171,02/26/2019 07:29 AM,02/27/2019 05:35 PM,LP001636,Hombre,Si,0,Graduado,No,4600,0.0,73.0,180.0,1.0,Semiurbana,Si,Pablo
172,02/27/2019 11:00 AM,02/28/2019 03:55 PM,LP001836,Mujer,No,2,Graduado,No,3427,0.0,138.0,360.0,1.0,Urabana,No,
173,02/27/2019 07:46 AM,02/28/2019 04:39 PM,LP002087,Mujer,No,0,Graduado,No,2500,0.0,67.0,360.0,1.0,Urabana,Si,Ana
174,02/28/2019 07:40 AM,03/01/2019 01:49 PM,LP002792,Hombre,Si,1,Graduado,No,5468,1032.0,26.0,360.0,1.0,Semiurbana,Si,Regina
175,02/26/2019 08:00 AM,02/27/2019 01:54 PM,LP002429,Hombre,Si,1,Graduado,Si,3466,1210.0,130.0,360.0,1.0,Rural,Si,Dudley
176,02/28/2019 11:45 AM,03/01/2019 04:29 PM,LP001205,Hombre,Si,0,Graduado,No,2500,3796.0,120.0,360.0,1.0,Urabana,Si,Dudley
177,02/26/2019 08:57 AM,02/27/2019 01:03 PM,LP002328,Hombre,Si,0,No Graduado,No,6096,0.0,218.0,360.0,0.0,Rural,No,
178,02/26/2019 11:14 AM,02/27/2019 06:44 PM,LP001925,Mujer,No,0,Graduado,Si,2600,1717.0,99.0,300.0,1.0,Semiurbana,No,
179,02/27/2019 08:08 AM,02/28/2019 02:03 PM,LP001922,Hombre,Si,0,Graduado,No,20667,0.0,,360.0,1.0,Rural,No,
180,02/26/2019 11:31 AM,02/27/2019 05:09 PM,LP002643,Hombre,Si,2,Graduado,No,3283,2035.0,148.0,360.0,1.0,Urabana,Si,Dudley
181,02/28/2019 11:54 AM,03/01/2019 02:46 PM,LP001924,Hombre,No,0,Graduado,No,3158,3053.0,89.0,360.0,1.0,Rural,Si,Pablo
182,02/28/2019 11:45 AM,03/01/2019 01:18 PM,LP002053,Hombre,Si,3+,Graduado,No,4342,189.0,124.0,360.0,1.0,Semiurbana,Si,Santiago
183,02/26/2019 10:31 AM,02/27/2019 06:36 PM,LP001708,Mujer,No,0,Graduado,No,10000,0.0,214.0,360.0,1.0,Semiurbana,No,
184,02/28/2019 07:52 AM,03/01/2019 03:55 PM,LP002600,Hombre,Si,1,Graduado,Si,2895,0.0,95.0,360.0,1.0,Semiurbana,Si,Pablo
185,02/28/2019 07:44 AM,03/01/2019 03:00 PM,LP002606,Mujer,No,0,Graduado,No,3159,0.0,100.0,360.0,1.0,Semiurbana,Si,Dudley
186,02/28/2019 11:23 AM,03/01/2019 02:55 PM,LP002300,Mujer,No,0,No Graduado,No,1963,0.0,53.0,360.0,1.0,Semiurbana,Si,Santiago
187,02/28/2019 07:54 AM,03/01/2019 05:01 PM,LP001327,Mujer,Si,0,Graduado,No,2484,2302.0,137.0,360.0,1.0,Semiurbana,Si,Santiago
188,02/28/2019 11:33 AM,03/01/2019 02:26 PM,LP001674,Hombre,Si,1,No Graduado,No,2600,2500.0,90.0,360.0,1.0,Semiurbana,Si,Dudley
189,02/26/2019 09:54 AM,02/27/2019 06:16 PM,LP002418,Hombre,No,3+,No Graduado,No,4707,1993.0,148.0,360.0,1.0,Semiurbana,Si,Ana
190,02/26/2019 10:55 AM,02/27/2019 02:22 PM,LP002244,Hombre,Si,0,Graduado,No,2333,2417.0,136.0,360.0,1.0,Urabana,Si,Ana
191,02/27/2019 09:33 AM,02/28/2019 01:02 PM,LP001027,Hombre,Si,2,Graduado,,2500,1840.0,109.0,360.0,1.0,Urabana,Si,Santiago
192,02/27/2019 10:58 AM,02/28/2019 05:54 PM,LP001073,Hombre,Si,2,No Graduado,No,4226,1040.0,110.0,360.0,1.0,Urabana,Si,Santiago
193,02/28/2019 11:38 AM,03/01/2019 02:43 PM,LP002367,Mujer,No,1,No Graduado,No,4606,0.0,81.0,360.0,1.0,Rural,No,
194,02/27/2019 10:18 AM,02/28/2019 06:54 PM,LP002305,Mujer,No,0,Graduado,No,4547,0.0,115.0,360.0,1.0,Semiurbana,Si,Regina
195,02/26/2019 11:21 AM,02/27/2019 01:33 PM,LP002119,Hombre,Si,1,No Graduado,No,4554,1229.0,158.0,360.0,1.0,Urabana,Si,Dudley
196,02/28/2019 09:40 AM,03/01/2019 04:39 PM,LP001639,Mujer,Si,0,Graduado,No,3625,0.0,108.0,360.0,1.0,Semiurbana,Si,Ana
197,02/26/2019 07:07 AM,02/27/2019 05:32 PM,LP001819,Hombre,Si,1,No Graduado,No,6608,0.0,137.0,180.0,1.0,Urabana,Si,Dudley
198,02/26/2019 07:00 AM,02/27/2019 12:42 PM,LP002964,Hombre,Si,2,No Graduado,No,3987,1411.0,157.0,360.0,1.0,Rural,Si,Ana
199,02/26/2019 07:57 AM,02/27/2019 02:41 PM,LP001665,Hombre,Si,1,Graduado,No,3125,2583.0,170.0,360.0,1.0,Semiurbana,No,
200,02/28/2019 08:28 AM,03/01/2019 05:26 PM,LP002341,Mujer,No,1,Graduado,No,2600,0.0,160.0,360.0,1.0,Urabana,No,
201,02/28/2019 09:33 AM,03/01/2019 06:26 PM,LP001518,Hombre,Si,1,Graduado,No,1538,1425.0,30.0,360.0,1.0,Urabana,Si,Pablo
202,02/27/2019 08:03 AM,02/28/2019 05:35 PM,LP002622,Hombre,Si,2,Graduado,No,3510,4416.0,243.0,360.0,1.0,Rural,Si,Regina
203,02/27/2019 09:51 AM,02/28/2019 01:47 PM,LP002836,Hombre,No,0,Graduado,No,3333,0.0,70.0,360.0,1.0,Urabana,Si,Pablo
204,02/27/2019 08:47 AM,02/28/2019 06:03 PM,LP002626,Hombre,Si,0,Graduado,Si,2479,3013.0,188.0,360.0,1.0,Urabana,Si,Santiago
205,02/26/2019 08:21 AM,02/27/2019 06:04 PM,LP002319,Hombre,Si,0,Graduado,,6256,0.0,160.0,360.0,,Urabana,Si,Regina
206,02/26/2019 10:03 AM,02/27/2019 12:38 PM,LP002798,Hombre,Si,0,Graduado,No,3887,2669.0,162.0,360.0,1.0,Semiurbana,Si,Ana
207,02/27/2019 09:16 AM,02/28/2019 05:44 PM,LP002332,Hombre,Si,0,No Graduado,No,2253,2033.0,110.0,360.0,1.0,Rural,Si,Santiago
208,02/27/2019 10:18 AM,02/28/2019 02:20 PM,LP001120,Hombre,No,0,Graduado,No,1800,1213.0,47.0,360.0,1.0,Urabana,Si,Regina
209,02/28/2019 09:49 AM,03/01/2019 01:17 PM,LP001743,Hombre,Si,2,Graduado,No,4009,1717.0,116.0,360.0,1.0,Semiurbana,Si,Dudley
210,02/27/2019 10:06 AM,02/28/2019 12:42 PM,LP002106,Hombre,Si,,Graduado,Si,5503,4490.0,70.0,,1.0,Semiurbana,Si,Ana
211,02/26/2019 09:30 AM,02/27/2019 02:25 PM,LP002925,,No,0,Graduado,No,4750,0.0,94.0,360.0,1.0,Semiurbana,Si,Dudley
212,02/28/2019 10:45 AM,03/01/2019 12:06 PM,LP001367,Hombre,Si,1,Graduado,No,3052,1030.0,100.0,360.0,1.0,Urabana,Si,Pablo
213,02/28/2019 07:13 AM,03/01/2019 03:02 PM,LP001849,Hombre,No,0,No Graduado,No,6045,0.0,115.0,360.0,0.0,Rural,No,
214,02/27/2019 10:53 AM,02/28/2019 04:23 PM,LP002855,Hombre,Si,2,Graduado,No,16666,0.0,275.0,360.0,1.0,Urabana,Si,Ana
215,02/28/2019 08:46 AM,03/01/2019 02:23 PM,LP002788,Hombre,Si,0,No Graduado,No,2454,2333.0,181.0,360.0,0.0,Urabana,No,
216,02/27/2019 09:17 AM,02/28/2019 01:29 PM,LP002434,Hombre,Si,2,No Graduado,No,4652,0.0,110.0,360.0,1.0,Rural,Si,Pablo
217,02/26/2019 09:25 AM,02/27/2019 01:46 PM,LP001449,Hombre,No,0,Graduado,No,3865,1640.0,,360.0,1.0,Rural,Si,Santiago
218,02/28/2019 09:26 AM,03/01/2019 03:49 PM,LP002898,Hombre,Si,1,Graduado,No,1880,0.0,61.0,360.0,,Rural,No,
219,02/26/2019 08:31 AM,02/27/2019 03:49 PM,LP002250,Hombre,Si,0,Graduado,No,5488,0.0,125.0,360.0,1.0,Rural,Si,Pablo
220,02/27/2019 07:55 AM,02/28/2019 05:36 PM,LP002505,Hombre,Si,0,Graduado,No,4333,2451.0,110.0,360.0,1.0,Urabana,No,
221,02/26/2019 08:50 AM,02/27/2019 03:06 PM,LP001052,Hombre,Si,1,Graduado,,3717,2925.0,151.0,360.0,,Semiurbana,No,
222,02/27/2019 08:21 AM,02/28/2019 06:43 PM,LP002143,Mujer,Si,0,Graduado,No,2423,505.0,130.0,360.0,1.0,Semiurbana,Si,Santiago
223,02/26/2019 10:50 AM,02/27/2019 02:16 PM,LP002892,Hombre,Si,2,Graduado,No,6540,0.0,205.0,360.0,1.0,Semiurbana,Si,Santiago
224,02/26/2019 07:09 AM,02/27/2019 03:51 PM,LP001514,Mujer,Si,0,Graduado,No,2330,4486.0,100.0,360.0,1.0,Semiurbana,Si,Ana
225,02/27/2019 10:13 AM,02/28/2019 02:18 PM,LP002757,Mujer,Si,0,No Graduado,No,3017,663.0,102.0,360.0,,Semiurbana,Si,Santiago
226,02/28/2019 09:52 AM,03/01/2019 05:58 PM,LP001541,Hombre,Si,1,Graduado,No,6000,0.0,160.0,360.0,,Rural,Si,Santiago
227,02/26/2019 11:07 AM,02/27/2019 03:30 PM,LP002948,Hombre,Si,2,Graduado,No,5780,0.0,192.0,360.0,1.0,Urabana,Si,Regina
228,02/28/2019 08:51 AM,03/01/2019 12:59 PM,LP001014,Hombre,Si,3+,Graduado,No,3036,2504.0,158.0,360.0,0.0,Semiurbana,No,
229,02/27/2019 10:06 AM,02/28/2019 04:24 PM,LP001256,Hombre,No,0,Graduado,No,3750,4750.0,176.0,360.0,1.0,Urabana,No,
230,02/27/2019 09:52 AM,02/28/2019 04:35 PM,LP002690,Hombre,No,0,Graduado,No,2500,0.0,55.0,360.0,1.0,Semiurbana,Si,Dudley
231,02/26/2019 10:29 AM,02/27/2019 05:59 PM,LP002732,Hombre,No,0,No Graduado,,2550,2042.0,126.0,360.0,1.0,Rural,Si,Dudley
232,02/28/2019 11:12 AM,03/01/2019 04:23 PM,LP002281,Hombre,Si,0,Graduado,No,3033,1459.0,95.0,360.0,1.0,Urabana,Si,Santiago
233,02/28/2019 10:17 AM,03/01/2019 06:07 PM,LP002478,,Si,0,Graduado,Si,2083,4083.0,160.0,360.0,,Semiurbana,Si,Pablo
234,02/27/2019 10:34 AM,02/28/2019 12:10 PM,LP002562,Hombre,Si,1,No Graduado,No,5333,1131.0,186.0,360.0,,Urabana,Si,Regina
235,02/27/2019 09:14 AM,02/28/2019 12:57 PM,LP001872,Hombre,No,0,Graduado,Si,5166,0.0,128.0,360.0,1.0,Semiurbana,Si,Regina
236,02/26/2019 08:31 AM,02/27/2019 04:24 PM,LP002362,Hombre,Si,1,Graduado,No,7250,1667.0,110.0,,0.0,Urabana,No,
237,02/27/2019 11:03 AM,02/28/2019 05:06 PM,LP002624,Hombre,Si,0,Graduado,No,20833,6667.0,480.0,360.0,,Urabana,Si,Ana
238,02/28/2019 07:23 AM,03/01/2019 01:18 PM,LP002178,Hombre,Si,0,Graduado,No,3013,3033.0,95.0,300.0,,Urabana,Si,Pablo
239,02/28/2019 09:15 AM,03/01/2019 12:09 PM,LP002912,Hombre,Si,1,Graduado,No,4283,3000.0,172.0,84.0,1.0,Rural,No,
240,02/28/2019 08:08 AM,03/01/2019 12:46 PM,LP001643,Hombre,Si,0,Graduado,No,2383,2138.0,58.0,360.0,,Rural,Si,Ana
241,02/28/2019 10:16 AM,03/01/2019 05:28 PM,LP001253,Hombre,Si,3+,Graduado,Si,5266,1774.0,187.0,360.0,1.0,Semiurbana,Si,Pablo
242,02/27/2019 07:14 AM,02/28/2019 06:49 PM,LP001761,Hombre,No,0,Graduado,Si,6400,0.0,200.0,360.0,1.0,Rural,Si,Dudley
243,02/26/2019 07:55 AM,02/27/2019 04:45 PM,LP001155,Mujer,Si,0,No Graduado,No,1928,1644.0,100.0,360.0,1.0,Semiurbana,Si,Ana
244,02/27/2019 10:19 AM,02/28/2019 02:33 PM,LP002984,Hombre,Si,2,Graduado,No,7583,0.0,187.0,360.0,1.0,Urabana,Si,Santiago
245,02/28/2019 10:13 AM,03/01/2019 06:28 PM,LP002874,Hombre,No,0,Graduado,No,3229,2739.0,110.0,360.0,1.0,Urabana,Si,Pablo
246,02/28/2019 08:11 AM,03/01/2019 12:31 PM,LP001713,Hombre,Si,1,Graduado,Si,7787,0.0,240.0,360.0,1.0,Urabana,Si,Dudley
247,02/27/2019 08:46 AM,02/28/2019 03:57 PM,LP002226,Hombre,Si,0,Graduado,,3333,2500.0,128.0,360.0,1.0,Semiurbana,Si,Santiago
248,02/28/2019 08:44 AM,03/01/2019 02:36 PM,LP001136,Hombre,Si,0,No Graduado,Si,4695,0.0,96.0,,1.0,Urabana,Si,Dudley
249,02/27/2019 09:21 AM,02/28/2019 04:24 PM,LP001245,Hombre,Si,2,No Graduado,Si,1875,1875.0,97.0,360.0,1.0,Semiurbana,Si,Pablo
250,02/27/2019 10:45 AM,02/28/2019 06:09 PM,LP001940,Hombre,Si,2,Graduado,No,3153,1560.0,134.0,360.0,1.0,Urabana,Si,Ana
251,02/26/2019 09:15 AM,02/27/2019 01:25 PM,LP001896,Hombre,Si,2,Graduado,No,3900,0.0,90.0,360.0,1.0,Semiurbana,Si,Santiago
252,02/26/2019 08:08 AM,02/27/2019 02:55 PM,LP001448,,Si,3+,Graduado,No,23803,0.0,370.0,360.0,1.0,Rural,Si,Pablo
253,02/27/2019 11:29 AM,02/28/2019 02:54 PM,LP001578,Hombre,Si,0,Graduado,No,2439,3333.0,129.0,360.0,1.0,Rural,Si,Santiago
254,02/28/2019 08:46 AM,03/01/2019 03:15 PM,LP002705,Hombre,Si,0,Graduado,No,3775,0.0,110.0,360.0,1.0,Semiurbana,Si,Regina
255,02/27/2019 09:53 AM,02/28/2019 05:10 PM,LP002211,Hombre,Si,0,Graduado,No,4817,923.0,120.0,180.0,1.0,Urabana,Si,Santiago
256,02/27/2019 09:35 AM,02/28/2019 02:27 PM,LP001790,Mujer,No,1,Graduado,No,3812,0.0,112.0,360.0,1.0,Rural,Si,Pablo
257,02/26/2019 10:25 AM,02/27/2019 04:39 PM,LP001865,Hombre,Si,1,Graduado,No,6083,4250.0,330.0,360.0,,Urabana,Si,Dudley
258,02/27/2019 08:42 AM,02/28/2019 02:44 PM,LP002741,Mujer,Si,1,Graduado,No,4608,2845.0,140.0,180.0,1.0,Semiurbana,Si,Regina
259,02/28/2019 08:50 AM,03/01/2019 05:30 PM,LP002139,Hombre,Si,0,Graduado,No,9083,0.0,228.0,360.0,1.0,Semiurbana,Si,Pablo
260,02/28/2019 08:06 AM,03/01/2019 06:04 PM,LP002006,Mujer,No,0,Graduado,No,2507,0.0,56.0,360.0,1.0,Rural,Si,Ana
261,02/28/2019 08:28 AM,03/01/2019 06:22 PM,LP002219,Hombre,Si,3+,Graduado,No,8750,4996.0,130.0,360.0,1.0,Rural,Si,Regina
262,02/27/2019 07:23 AM,02/28/2019 12:11 PM,LP002706,Hombre,Si,1,No Graduado,No,5285,1430.0,161.0,360.0,0.0,Semiurbana,Si,Pablo
263,02/27/2019 10:11 AM,02/28/2019 02:50 PM,LP002472,Hombre,No,2,Graduado,No,4354,0.0,136.0,360.0,1.0,Rural,Si,Pablo
264,02/28/2019 08:17 AM,03/01/2019 01:44 PM,LP001994,Mujer,No,0,Graduado,No,2400,1863.0,104.0,360.0,0.0,Urabana,No,
265,02/28/2019 11:00 AM,03/01/2019 01:40 PM,LP001106,Hombre,Si,0,Graduado,No,2275,2067.0,,360.0,1.0,Urabana,Si,Ana
266,02/28/2019 08:25 AM,03/01/2019 04:27 PM,LP001131,Hombre,Si,0,Graduado,No,3941,2336.0,134.0,360.0,1.0,Semiurbana,Si,Santiago
267,02/28/2019 11:36 AM,03/01/2019 01:46 PM,LP001430,Mujer,No,0,Graduado,No,4166,0.0,44.0,360.0,1.0,Semiurbana,Si,Dudley
268,02/26/2019 09:07 AM,02/27/2019 04:54 PM,LP001630,Hombre,No,0,No Graduado,No,2333,1451.0,102.0,480.0,0.0,Urabana,No,
269,02/26/2019 08:42 AM,02/27/2019 06:57 PM,LP001637,Hombre,Si,1,Graduado,No,33846,0.0,260.0,360.0,1.0,Semiurbana,No,
270,02/28/2019 09:51 AM,03/01/2019 02:10 PM,LP002652,Hombre,No,0,Graduado,No,5815,3666.0,311.0,360.0,1.0,Rural,No,
271,02/28/2019 11:37 AM,03/01/2019 05:48 PM,LP001310,Hombre,Si,0,Graduado,No,5695,4167.0,175.0,360.0,1.0,Semiurbana,Si,Dudley
272,02/27/2019 07:33 AM,02/28/2019 05:11 PM,LP002837,Hombre,Si,3+,Graduado,No,3400,2500.0,123.0,360.0,0.0,Rural,No,
273,02/26/2019 09:02 AM,02/27/2019 04:52 PM,LP001046,Hombre,Si,1,Graduado,No,5955,5625.0,315.0,360.0,1.0,Urabana,Si,Regina
274,02/26/2019 11:27 AM,02/27/2019 05:08 PM,LP001722,Hombre,Si,0,Graduado,No,150,1800.0,135.0,360.0,1.0,Rural,No,
275,02/27/2019 10:46 AM,02/28/2019 06:25 PM,LP002106,Hombre,Si,,Graduado,Si,5503,4490.0,70.0,,1.0,Semiurbana,Si,Santiago
276,02/26/2019 07:03 AM,02/27/2019 06:20 PM,LP002024,,Si,0,Graduado,No,2473,1843.0,159.0,360.0,1.0,Rural,No,
277,02/26/2019 11:22 AM,02/27/2019 02:24 PM,LP002379,Hombre,No,0,Graduado,No,6500,0.0,105.0,360.0,0.0,Rural,No,
278,02/27/2019 10:17 AM,02/28/2019 02:41 PM,LP002131,Hombre,Si,2,No Graduado,No,3083,2168.0,126.0,360.0,1.0,Urabana,Si,Ana
279,02/26/2019 11:48 AM,02/27/2019 03:36 PM,LP001633,Hombre,Si,1,Graduado,No,6400,7250.0,180.0,360.0,0.0,Urabana,No,
280,02/27/2019 08:08 AM,02/28/2019 03:50 PM,LP002683,Hombre,No,0,Graduado,No,4683,1915.0,185.0,360.0,1.0,Semiurbana,No,
281,02/26/2019 09:30 AM,02/27/2019 05:07 PM,LP001250,Hombre,Si,3+,No Graduado,No,4755,0.0,95.0,,0.0,Semiurbana,No,
282,02/27/2019 07:47 AM,02/28/2019 04:55 PM,LP002055,Mujer,No,0,Graduado,No,3166,2985.0,132.0,360.0,,Rural,Si,Ana
283,02/27/2019 10:54 AM,02/28/2019 12:03 PM,LP002692,Hombre,Si,3+,Graduado,Si,5677,1424.0,100.0,360.0,1.0,Rural,Si,Pablo
284,02/26/2019 09:31 AM,02/27/2019 05:50 PM,LP002634,Mujer,No,1,Graduado,No,13262,0.0,40.0,360.0,1.0,Urabana,Si,Santiago
285,02/26/2019 11:22 AM,02/27/2019 02:35 PM,LP001693,Mujer,No,0,Graduado,No,3244,0.0,80.0,360.0,1.0,Urabana,Si,Ana
286,02/27/2019 07:47 AM,02/28/2019 02:42 PM,LP002659,Hombre,Si,3+,Graduado,No,3466,3428.0,150.0,360.0,1.0,Rural,Si,Santiago
287,02/27/2019 07:50 AM,02/28/2019 06:18 PM,LP001776,Mujer,No,0,Graduado,No,8333,0.0,280.0,360.0,1.0,Semiurbana,Si,Regina
288,02/28/2019 10:31 AM,03/01/2019 05:11 PM,LP001319,Hombre,Si,2,No Graduado,No,3273,1820.0,81.0,360.0,1.0,Urabana,Si,Santiago
289,02/27/2019 11:19 AM,02/28/2019 04:52 PM,LP002795,Hombre,Si,3+,Graduado,Si,10139,0.0,260.0,360.0,1.0,Semiurbana,Si,Dudley
290,02/27/2019 08:08 AM,02/28/2019 02:20 PM,LP001032,Hombre,No,0,Graduado,No,4950,0.0,125.0,360.0,1.0,Urabana,Si,Regina
291,02/27/2019 08:08 AM,02/28/2019 01:22 PM,LP002936,Hombre,Si,0,Graduado,No,3859,3300.0,142.0,180.0,1.0,Rural,Si,Ana
292,02/27/2019 09:55 AM,02/28/2019 06:40 PM,LP001640,Hombre,Si,0,Graduado,Si,39147,4750.0,120.0,360.0,1.0,Semiurbana,Si,Santiago
293,02/26/2019 08:47 AM,02/27/2019 12:21 PM,LP001574,Hombre,Si,0,Graduado,No,3707,3166.0,182.0,,1.0,Rural,Si,Pablo
294,02/27/2019 08:54 AM,02/28/2019 12:22 PM,LP002893,Hombre,No,0,Graduado,No,1836,33837.0,90.0,360.0,1.0,Urabana,No,
295,02/27/2019 11:30 AM,02/28/2019 05:12 PM,LP001516,Mujer,Si,2,Graduado,No,14866,0.0,70.0,360.0,1.0,Urabana,Si,Pablo
296,02/26/2019 08:28 AM,02/27/2019 01:27 PM,LP002625,,No,0,Graduado,No,3583,0.0,96.0,360.0,1.0,Urabana,No,
297,02/26/2019 07:46 AM,02/27/2019 06:06 PM,LP001884,Mujer,No,1,Graduado,No,2876,1560.0,90.0,360.0,1.0,Urabana,Si,Santiago
298,02/27/2019 08:10 AM,02/28/2019 06:31 PM,LP002401,Hombre,Si,0,Graduado,No,2213,1125.0,,360.0,1.0,Urabana,Si,Ana
299,02/27/2019 11:13 AM,02/28/2019 12:40 PM,LP001903,Hombre,Si,0,Graduado,No,3993,3274.0,207.0,360.0,1.0,Semiurbana,Si,Santiago
300,02/27/2019 10:58 AM,02/28/2019 03:32 PM,LP002043,Mujer,No,1,Graduado,No,3541,0.0,112.0,360.0,,Semiurbana,Si,Pablo
301,02/26/2019 08:42 AM,02/27/2019 03:50 PM,LP002847,Hombre,Si,,Graduado,No,5116,1451.0,165.0,360.0,0.0,Urabana,No,
302,02/28/2019 07:59 AM,03/01/2019 03:46 PM,LP002113,Mujer,No,3+,No Graduado,No,1830,0.0,,360.0,0.0,Urabana,No,
303,02/28/2019 09:14 AM,03/01/2019 12:51 PM,LP001875,Hombre,No,0,Graduado,No,4095,3447.0,151.0,360.0,1.0,Rural,Si,Ana
304,02/26/2019 07:37 AM,02/27/2019 04:07 PM,LP002689,Hombre,Si,2,No Graduado,No,2192,1742.0,45.0,360.0,1.0,Semiurbana,Si,Regina
305,02/28/2019 08:41 AM,03/01/2019 04:56 PM,LP001760,Hombre,,,Graduado,No,4758,0.0,158.0,480.0,1.0,Semiurbana,Si,Dudley
306,02/28/2019 10:36 AM,03/01/2019 03:23 PM,LP002187,Hombre,No,0,Graduado,No,2500,0.0,96.0,480.0,1.0,Semiurbana,No,
307,02/27/2019 10:05 AM,02/28/2019 12:27 PM,LP001938,Hombre,Si,2,Graduado,No,4400,0.0,127.0,360.0,0.0,Semiurbana,No,
308,02/28/2019 09:37 AM,03/01/2019 12:25 PM,LP001100,Hombre,No,3+,Graduado,No,12500,3000.0,320.0,360.0,1.0,Rural,No,
309,02/27/2019 09:40 AM,02/28/2019 01:55 PM,LP001908,Mujer,Si,0,No Graduado,No,4100,0.0,124.0,360.0,,Rural,Si,Pablo
310,02/26/2019 11:29 AM,02/27/2019 01:51 PM,LP002008,Hombre,Si,2,Graduado,Si,5746,0.0,144.0,84.0,,Rural,Si,Ana
311,02/26/2019 10:56 AM,02/27/2019 04:30 PM,LP002978,Mujer,No,0,Graduado,No,2900,0.0,71.0,360.0,1.0,Rural,Si,Santiago
312,02/28/2019 08:46 AM,03/01/2019 02:36 PM,LP001443,Mujer,No,0,Graduado,No,3692,0.0,93.0,360.0,,Rural,Si,Santiago
313,02/26/2019 07:08 AM,02/27/2019 12:01 PM,LP001279,Hombre,No,0,Graduado,No,2366,2531.0,136.0,360.0,1.0,Semiurbana,Si,Santiago
314,02/28/2019 10:25 AM,03/01/2019 12:09 PM,LP002223,Hombre,Si,0,Graduado,No,4310,0.0,130.0,360.0,,Semiurbana,Si,Santiago
315,02/27/2019 09:40 AM,02/28/2019 03:05 PM,LP002297,Hombre,No,0,Graduado,No,2500,20000.0,103.0,360.0,1.0,Semiurbana,Si,Dudley
316,02/28/2019 07:22 AM,03/01/2019 06:04 PM,LP001977,Hombre,Si,1,Graduado,No,1625,1803.0,96.0,360.0,1.0,Urabana,Si,Dudley
317,02/27/2019 11:05 AM,02/28/2019 04:23 PM,LP002255,Hombre,No,3+,Graduado,No,9167,0.0,185.0,360.0,1.0,Rural,Si,Ana
318,02/27/2019 11:22 AM,02/28/2019 02:12 PM,LP001325,Hombre,No,0,No Graduado,No,3620,0.0,25.0,120.0,1.0,Semiurbana,Si,Ana
319,02/27/2019 10:07 AM,02/28/2019 04:13 PM,LP002983,Hombre,Si,1,Graduado,No,8072,240.0,253.0,360.0,1.0,Urabana,Si,Dudley
320,02/28/2019 09:51 AM,03/01/2019 04:43 PM,LP001036,Mujer,No,0,Graduado,No,3510,0.0,76.0,360.0,0.0,Urabana,No,
321,02/28/2019 07:52 AM,03/01/2019 04:28 PM,LP001657,Hombre,Si,0,No Graduado,No,6033,0.0,160.0,360.0,1.0,Urabana,No,
322,02/28/2019 08:44 AM,03/01/2019 02:13 PM,LP002484,Hombre,Si,3+,Graduado,No,7740,0.0,128.0,180.0,1.0,Urabana,Si,Regina
323,02/26/2019 11:54 AM,02/27/2019 05:41 PM,LP002863,Hombre,Si,3+,Graduado,No,6406,0.0,150.0,360.0,1.0,Semiurbana,No,
324,02/27/2019 07:21 AM,02/28/2019 03:16 PM,LP002422,Hombre,No,1,Graduado,No,37719,0.0,152.0,360.0,1.0,Semiurbana,Si,Regina
325,02/28/2019 11:09 AM,03/01/2019 03:26 PM,LP002888,Hombre,No,0,Graduado,,3182,2917.0,161.0,360.0,1.0,Urabana,Si,Ana
326,02/28/2019 08:58 AM,03/01/2019 01:25 PM,LP001608,Hombre,Si,2,Graduado,No,2045,1619.0,101.0,360.0,1.0,Rural,Si,Ana
327,02/26/2019 09:53 AM,02/27/2019 01:30 PM,LP002619,Hombre,Si,0,No Graduado,No,3814,1483.0,124.0,300.0,1.0,Semiurbana,Si,Regina
328,02/27/2019 10:35 AM,02/28/2019 01:35 PM,LP002784,Hombre,Si,1,No Graduado,No,2492,2375.0,,360.0,1.0,Rural,Si,Dudley
329,02/26/2019 10:15 AM,02/27/2019 01:17 PM,LP001379,Hombre,Si,2,Graduado,No,3800,3600.0,216.0,360.0,0.0,Urabana,No,
330,02/28/2019 11:57 AM,03/01/2019 04:34 PM,LP002820,Hombre,Si,0,Graduado,No,5923,2054.0,211.0,360.0,1.0,Rural,Si,Santiago
331,02/28/2019 10:43 AM,03/01/2019 01:10 PM,LP001098,Hombre,Si,0,Graduado,No,3500,1667.0,114.0,360.0,1.0,Semiurbana,Si,Regina
332,02/27/2019 11:26 AM,02/28/2019 01:00 PM,LP002755,Hombre,Si,1,No Graduado,No,2239,2524.0,128.0,360.0,1.0,Urabana,Si,Ana
333,02/26/2019 11:15 AM,02/27/2019 05:35 PM,LP001715,Hombre,Si,3+,No Graduado,Si,5703,0.0,130.0,360.0,1.0,Rural,Si,Regina
334,02/26/2019 11:12 AM,02/27/2019 04:38 PM,LP001504,Hombre,No,0,Graduado,Si,6950,0.0,175.0,180.0,1.0,Semiurbana,Si,Santiago
335,02/27/2019 08:53 AM,02/28/2019 02:01 PM,LP001275,Hombre,Si,1,Graduado,No,3988,0.0,50.0,240.0,1.0,Urabana,Si,Regina
336,02/28/2019 09:12 AM,03/01/2019 01:10 PM,LP002953,Hombre,Si,3+,Graduado,No,5703,0.0,128.0,360.0,1.0,Urabana,Si,Regina
337,02/26/2019 08:46 AM,02/27/2019 05:34 PM,LP001532,Hombre,Si,2,No Graduado,No,2281,0.0,113.0,360.0,1.0,Rural,No,
338,02/26/2019 08:40 AM,02/27/2019 12:39 PM,LP001279,Hombre,No,0,Graduado,No,2366,2531.0,136.0,360.0,1.0,Semiurbana,Si,Regina
339,02/26/2019 10:13 AM,02/27/2019 03:11 PM,LP002409,Hombre,Si,0,Graduado,No,7901,1833.0,180.0,360.0,1.0,Rural,Si,Regina
340,02/27/2019 07:47 AM,02/28/2019 01:00 PM,LP002347,Hombre,Si,0,Graduado,No,3246,1417.0,138.0,360.0,1.0,Semiurbana,Si,Pablo
341,02/28/2019 10:53 AM,03/01/2019 04:19 PM,LP002615,Hombre,Si,2,Graduado,No,4865,5624.0,208.0,360.0,1.0,Semiurbana,Si,Dudley
342,02/26/2019 09:02 AM,02/27/2019 02:06 PM,LP002544,Hombre,Si,1,No Graduado,No,1958,2436.0,131.0,360.0,1.0,Rural,Si,Pablo
343,02/26/2019 09:09 AM,02/27/2019 03:51 PM,LP001164,Mujer,No,0,Graduado,No,4230,0.0,112.0,360.0,1.0,Semiurbana,No,
344,02/26/2019 08:29 AM,02/27/2019 05:52 PM,LP001744,Hombre,No,0,Graduado,No,2971,2791.0,144.0,360.0,1.0,Semiurbana,Si,Santiago
345,02/26/2019 11:48 AM,02/27/2019 04:29 PM,LP001743,Hombre,Si,2,Graduado,No,4009,1717.0,116.0,360.0,1.0,Semiurbana,Si,Regina
346,02/28/2019 11:10 AM,03/01/2019 12:10 PM,LP001273,Hombre,Si,0,Graduado,No,6000,2250.0,265.0,360.0,,Semiurbana,No,
347,02/27/2019 10:07 AM,02/28/2019 12:24 PM,LP001910,Hombre,No,1,No Graduado,Si,4053,2426.0,158.0,360.0,0.0,Urabana,No,
348,02/27/2019 10:13 AM,02/28/2019 04:06 PM,LP001882,Hombre,Si,3+,Graduado,No,4333,1811.0,160.0,360.0,0.0,Urabana,Si,Ana
349,02/28/2019 09:59 AM,03/01/2019 03:20 PM,LP001841,Hombre,No,0,No Graduado,Si,2583,2167.0,104.0,360.0,1.0,Rural,Si,Pablo
350,02/28/2019 09:05 AM,03/01/2019 02:40 PM,LP002602,Hombre,No,0,Graduado,No,6283,4416.0,209.0,360.0,0.0,Rural,No,
351,02/27/2019 04:07 PM,02/26/2019 10:25 AM,LP002178,Hombre,Si,0,Graduado,No,3013,3033.0,95.0,300.0,,Urabana,Si,Regina
352,02/28/2019 10:08 AM,03/01/2019 05:56 PM,LP002308,Hombre,Si,0,No Graduado,No,2167,2400.0,115.0,360.0,1.0,Urabana,Si,Santiago
353,02/28/2019 09:06 AM,03/01/2019 04:50 PM,LP001606,Hombre,Si,0,Graduado,No,3497,1964.0,116.0,360.0,1.0,Rural,Si,Pablo
354,02/28/2019 10:44 AM,03/01/2019 06:15 PM,LP001233,Hombre,Si,1,Graduado,No,10750,0.0,312.0,360.0,1.0,Urabana,Si,Ana
355,02/28/2019 11:27 AM,03/01/2019 01:03 PM,LP001798,Hombre,Si,2,Graduado,No,5819,5000.0,120.0,360.0,1.0,Rural,Si,Ana
356,02/27/2019 11:51 AM,02/28/2019 06:45 PM,LP002284,Hombre,No,0,No Graduado,No,3902,1666.0,109.0,360.0,1.0,Rural,Si,Ana
357,02/28/2019 10:43 AM,03/01/2019 05:48 PM,LP001835,Hombre,Si,0,No Graduado,No,1668,3890.0,201.0,360.0,0.0,Semiurbana,No,
358,02/28/2019 09:37 AM,03/01/2019 02:08 PM,LP001487,Hombre,No,0,Graduado,No,4895,0.0,102.0,360.0,1.0,Semiurbana,Si,Santiago
359,02/27/2019 08:12 AM,02/28/2019 06:07 PM,LP001736,Hombre,Si,0,Graduado,No,2221,0.0,60.0,360.0,0.0,Urabana,No,
360,02/27/2019 09:22 AM,02/28/2019 12:44 PM,LP001778,Hombre,Si,1,Graduado,No,3155,1779.0,140.0,360.0,1.0,Semiurbana,Si,Ana
361,02/26/2019 08:09 AM,02/27/2019 03:45 PM,LP002197,Hombre,Si,2,Graduado,No,5185,0.0,155.0,360.0,1.0,Semiurbana,Si,Regina
362,02/27/2019 08:45 AM,02/28/2019 02:17 PM,LP001195,Hombre,Si,0,Graduado,No,2132,1591.0,96.0,360.0,1.0,Semiurbana,Si,Santiago
363,02/26/2019 11:35 AM,02/27/2019 04:07 PM,LP002489,Mujer,No,1,No Graduado,,5191,0.0,132.0,360.0,1.0,Semiurbana,Si,Dudley
364,02/28/2019 08:56 AM,03/01/2019 12:41 PM,LP001068,Hombre,Si,0,Graduado,No,2799,2253.0,122.0,360.0,1.0,Semiurbana,Si,Santiago
365,02/26/2019 10:14 AM,02/27/2019 05:08 PM,LP002587,Hombre,Si,0,No Graduado,No,2600,1700.0,107.0,360.0,1.0,Rural,Si,Pablo
366,02/28/2019 09:44 AM,03/01/2019 12:59 PM,LP001043,Hombre,Si,0,No Graduado,No,7660,0.0,104.0,360.0,0.0,Urabana,No,
367,02/26/2019 08:48 AM,02/27/2019 03:33 PM,LP002453,Hombre,No,0,Graduado,Si,7085,0.0,84.0,360.0,1.0,Semiurbana,Si,Dudley
368,02/26/2019 09:58 AM,02/27/2019 06:38 PM,LP002130,Hombre,Si,,No Graduado,No,3523,3230.0,152.0,360.0,0.0,Rural,No,
369,02/28/2019 08:12 AM,03/01/2019 01:29 PM,LP002004,Hombre,No,0,No Graduado,No,2927,2405.0,111.0,360.0,1.0,Semiurbana,Si,Ana
370,02/26/2019 07:41 AM,02/27/2019 02:53 PM,LP002560,Hombre,No,0,No Graduado,No,2699,2785.0,96.0,360.0,,Semiurbana,Si,Pablo
371,02/28/2019 08:05 AM,03/01/2019 02:10 PM,LP001385,Hombre,No,0,Graduado,No,5316,0.0,136.0,360.0,1.0,Urabana,Si,Santiago
372,02/28/2019 11:18 AM,03/01/2019 06:15 PM,LP002262,Hombre,Si,3+,Graduado,No,9504,0.0,275.0,360.0,1.0,Rural,Si,Pablo
373,02/28/2019 07:31 AM,03/01/2019 04:20 PM,LP002239,Hombre,No,0,No Graduado,No,2346,1600.0,132.0,360.0,1.0,Semiurbana,Si,Pablo
374,02/27/2019 10:04 AM,02/28/2019 01:50 PM,LP002731,Mujer,No,0,No Graduado,Si,18165,0.0,125.0,360.0,1.0,Urabana,Si,Santiago
375,02/27/2019 07:51 AM,02/28/2019 01:55 PM,LP002337,Mujer,No,0,Graduado,No,2995,0.0,60.0,360.0,1.0,Urabana,Si,Santiago
376,02/26/2019 11:45 AM,02/27/2019 05:31 PM,LP002979,Hombre,Si,3+,Graduado,No,4106,0.0,40.0,180.0,1.0,Rural,Si,Dudley
377,02/26/2019 07:19 AM,02/27/2019 05:21 PM,LP001535,Hombre,No,0,Graduado,No,3254,0.0,50.0,360.0,1.0,Urabana,Si,Santiago
378,02/27/2019 07:12 AM,02/28/2019 05:16 PM,LP002031,Hombre,Si,1,No Graduado,No,3399,1640.0,111.0,180.0,1.0,Urabana,Si,Santiago
379,02/27/2019 11:54 AM,02/28/2019 06:17 PM,LP002110,Hombre,Si,1,Graduado,,5250,688.0,160.0,360.0,1.0,Rural,Si,Regina
380,02/28/2019 11:29 AM,03/01/2019 03:45 PM,LP001119,Hombre,No,0,Graduado,No,3600,0.0,80.0,360.0,1.0,Urabana,No,
381,02/27/2019 10:11 AM,02/28/2019 05:40 PM,LP002813,Mujer,Si,1,Graduado,Si,19484,0.0,600.0,360.0,1.0,Semiurbana,Si,Pablo
382,02/27/2019 11:57 AM,02/28/2019 05:18 PM,LP002229,Hombre,No,0,Graduado,No,5941,4232.0,296.0,360.0,1.0,Semiurbana,Si,Ana
383,02/26/2019 09:44 AM,02/27/2019 05:38 PM,LP001949,Hombre,Si,3+,Graduado,,4416,1250.0,110.0,360.0,1.0,Urabana,Si,Santiago
384,02/27/2019 09:52 AM,02/28/2019 05:50 PM,LP002530,,Si,2,Graduado,No,2873,1872.0,132.0,360.0,0.0,Semiurbana,No,
385,02/26/2019 10:49 AM,02/27/2019 06:30 PM,LP002140,Hombre,No,0,Graduado,No,8750,4167.0,308.0,360.0,1.0,Rural,No,
386,02/26/2019 10:18 AM,02/27/2019 04:01 PM,LP001186,Mujer,Si,1,Graduado,Si,11500,0.0,286.0,360.0,0.0,Urabana,No,
387,02/27/2019 08:25 AM,02/28/2019 04:37 PM,LP001114,Hombre,No,0,Graduado,No,4166,7210.0,184.0,360.0,1.0,Urabana,Si,Santiago
388,02/28/2019 10:16 AM,03/01/2019 04:40 PM,LP002209,Mujer,No,0,Graduado,,2764,1459.0,110.0,360.0,1.0,Urabana,Si,Dudley
389,02/27/2019 09:27 AM,02/28/2019 01:35 PM,LP002128,Hombre,Si,2,Graduado,,2583,2330.0,125.0,360.0,1.0,Rural,Si,Ana
390,02/26/2019 10:46 AM,02/27/2019 01:27 PM,LP001900,Hombre,Si,1,Graduado,No,2750,1842.0,115.0,360.0,1.0,Semiurbana,Si,Regina
391,02/27/2019 08:21 AM,02/28/2019 05:14 PM,LP001343,Hombre,Si,0,Graduado,No,1759,3541.0,131.0,360.0,1.0,Semiurbana,Si,Dudley
392,02/28/2019 11:00 AM,03/01/2019 02:24 PM,LP001936,Hombre,Si,0,Graduado,No,3075,2416.0,139.0,360.0,1.0,Rural,Si,Regina
393,02/27/2019 08:42 AM,02/28/2019 01:00 PM,LP001720,Hombre,Si,3+,No Graduado,No,3850,983.0,100.0,360.0,1.0,Semiurbana,Si,Santiago
394,02/27/2019 10:31 AM,02/28/2019 02:02 PM,LP001238,Hombre,Si,3+,No Graduado,Si,7100,0.0,125.0,60.0,1.0,Urabana,Si,Pablo
395,02/27/2019 11:53 AM,02/28/2019 12:34 PM,LP001658,Hombre,No,0,Graduado,No,3858,0.0,76.0,360.0,1.0,Semiurbana,Si,Ana
396,02/27/2019 10:33 AM,02/28/2019 02:13 PM,LP001369,Hombre,Si,2,Graduado,No,11417,1126.0,225.0,360.0,1.0,Urabana,Si,Ana
397,02/28/2019 10:44 AM,03/01/2019 12:10 PM,LP001998,Hombre,Si,2,No Graduado,No,7667,0.0,185.0,360.0,,Rural,Si,Pablo
398,02/27/2019 08:11 AM,02/28/2019 01:02 PM,LP002537,Hombre,Si,0,Graduado,No,2083,3150.0,128.0,360.0,1.0,Semiurbana,Si,Regina
399,02/27/2019 11:03 AM,02/28/2019 12:34 PM,LP002368,Hombre,Si,2,Graduado,No,5935,0.0,133.0,360.0,1.0,Semiurbana,Si,Dudley
400,02/28/2019 08:54 AM,03/01/2019 05:40 PM,LP002772,Hombre,No,0,Graduado,No,2526,1783.0,145.0,360.0,1.0,Rural,Si,Ana
401,02/27/2019 10:38 AM,02/28/2019 02:39 PM,LP001926,Hombre,Si,0,Graduado,No,3704,2000.0,120.0,360.0,1.0,Rural,Si,Santiago
402,02/28/2019 07:10 AM,03/01/2019 05:41 PM,LP001677,Hombre,No,2,Graduado,No,4923,0.0,166.0,360.0,0.0,Semiurbana,Si,Pablo
403,02/28/2019 07:13 AM,03/01/2019 01:21 PM,LP002296,Hombre,No,0,No Graduado,No,2755,0.0,65.0,300.0,1.0,Rural,No,
404,02/26/2019 08:58 AM,02/27/2019 02:13 PM,LP002467,Hombre,Si,0,Graduado,No,3708,2569.0,173.0,360.0,1.0,Urabana,No,
405,02/27/2019 08:54 AM,02/28/2019 12:52 PM,LP001871,Mujer,No,0,Graduado,No,7200,0.0,120.0,360.0,1.0,Rural,Si,Pablo
406,02/28/2019 09:22 AM,03/01/2019 04:56 PM,LP001543,Hombre,Si,1,Graduado,No,9538,0.0,187.0,360.0,1.0,Urabana,Si,Pablo
407,02/28/2019 09:58 AM,03/01/2019 03:30 PM,LP002494,Hombre,No,0,Graduado,No,6000,0.0,140.0,360.0,1.0,Rural,Si,Ana
408,02/27/2019 10:49 AM,02/28/2019 02:05 PM,LP002697,Hombre,No,0,Graduado,No,4680,2087.0,,360.0,1.0,Semiurbana,No,
409,02/26/2019 10:44 AM,02/27/2019 02:13 PM,LP002035,Hombre,Si,2,Graduado,No,3717,0.0,120.0,360.0,1.0,Semiurbana,Si,Santiago
410,02/26/2019 07:56 AM,02/27/2019 06:01 PM,LP001974,Mujer,No,0,Graduado,No,5000,0.0,132.0,360.0,1.0,Rural,Si,Regina
411,02/27/2019 08:39 AM,02/28/2019 05:46 PM,LP002459,Hombre,Si,0,Graduado,No,4301,0.0,118.0,360.0,1.0,Urabana,Si,Regina
412,02/26/2019 09:58 AM,02/27/2019 12:54 PM,LP002407,Mujer,Si,0,No Graduado,Si,7142,0.0,138.0,360.0,1.0,Rural,Si,Santiago
413,02/26/2019 10:14 AM,02/27/2019 04:59 PM,LP002536,Hombre,Si,3+,No Graduado,No,3095,0.0,113.0,360.0,1.0,Rural,Si,Regina
414,02/28/2019 11:19 AM,03/01/2019 01:10 PM,LP001702,Hombre,No,0,Graduado,No,3418,0.0,127.0,360.0,1.0,Semiurbana,No,
415,02/28/2019 08:32 AM,03/01/2019 12:18 PM,LP001006,Hombre,Si,0,No Graduado,No,2583,2358.0,120.0,360.0,1.0,Urabana,Si,Dudley
416,02/26/2019 11:23 AM,02/27/2019 02:20 PM,LP001585,,Si,3+,Graduado,No,51763,0.0,700.0,300.0,1.0,Urabana,Si,Santiago
417,02/27/2019 08:23 AM,02/28/2019 06:33 PM,LP001824,Hombre,Si,1,Graduado,No,2882,1843.0,123.0,480.0,1.0,Semiurbana,Si,Dudley
418,02/27/2019 11:10 AM,02/28/2019 05:12 PM,LP002393,Mujer,,,Graduado,No,10047,0.0,,240.0,1.0,Semiurbana,Si,Regina
419,02/26/2019 07:17 AM,02/27/2019 04:35 PM,LP002277,Mujer,No,0,Graduado,No,3180,0.0,71.0,360.0,0.0,Urabana,No,
420,02/26/2019 08:10 AM,02/27/2019 03:06 PM,LP002151,Hombre,Si,1,Graduado,No,3875,0.0,67.0,360.0,1.0,Urabana,No,
421,02/26/2019 07:12 AM,02/27/2019 03:28 PM,LP002682,Hombre,Si,,No Graduado,No,3074,1800.0,123.0,360.0,0.0,Semiurbana,No,
422,02/28/2019 10:58 AM,03/01/2019 06:18 PM,LP001116,Hombre,No,0,No Graduado,No,3748,1668.0,110.0,360.0,1.0,Semiurbana,Si,Santiago
423,02/26/2019 07:16 AM,02/27/2019 03:12 PM,LP001198,Hombre,Si,1,Graduado,No,8080,2250.0,180.0,360.0,1.0,Urabana,Si,Dudley
424,02/27/2019 10:53 AM,02/28/2019 04:57 PM,LP002699,Hombre,Si,2,Graduado,Si,17500,0.0,400.0,360.0,1.0,Rural,Si,Dudley
425,02/26/2019 07:21 AM,02/27/2019 12:00 PM,LP001688,Hombre,Si,1,No Graduado,No,3500,1083.0,135.0,360.0,1.0,Urabana,Si,Dudley
426,02/27/2019 07:13 AM,02/28/2019 04:55 PM,LP001489,Mujer,Si,0,Graduado,No,4583,0.0,84.0,360.0,1.0,Rural,No,
427,02/28/2019 11:40 AM,03/01/2019 05:04 PM,LP002640,Hombre,Si,1,Graduado,No,6065,2004.0,250.0,360.0,1.0,Semiurbana,Si,Santiago
428,02/27/2019 07:38 AM,02/28/2019 02:23 PM,LP001580,Hombre,Si,2,Graduado,No,8000,0.0,200.0,360.0,1.0,Semiurbana,Si,Regina
429,02/26/2019 08:32 AM,02/27/2019 03:58 PM,LP002785,Hombre,Si,1,Graduado,No,3333,3250.0,158.0,360.0,1.0,Urabana,Si,Pablo
430,02/26/2019 07:14 AM,02/27/2019 04:32 PM,LP001993,Mujer,No,0,Graduado,No,3762,1666.0,135.0,360.0,1.0,Rural,Si,Santiago
431,02/27/2019 10:20 AM,02/28/2019 02:32 PM,LP001356,Hombre,Si,0,Graduado,No,4652,3583.0,,360.0,1.0,Semiurbana,Si,Regina
432,02/27/2019 09:05 AM,02/28/2019 04:36 PM,LP001482,Hombre,Si,0,Graduado,Si,3459,0.0,25.0,120.0,1.0,Semiurbana,Si,Ana
433,02/27/2019 10:15 AM,02/28/2019 12:05 PM,LP002265,Hombre,Si,2,No Graduado,No,1993,1625.0,113.0,180.0,1.0,Semiurbana,Si,Santiago
434,02/28/2019 08:29 AM,03/01/2019 12:06 PM,LP001507,Hombre,Si,0,Graduado,No,2698,2034.0,122.0,360.0,1.0,Semiurbana,Si,Regina
435,02/28/2019 11:35 AM,03/01/2019 02:45 PM,LP001716,Hombre,Si,0,Graduado,No,3173,3021.0,137.0,360.0,1.0,Urabana,Si,Regina
436,02/26/2019 10:55 AM,02/27/2019 04:14 PM,LP002387,Hombre,Si,0,Graduado,No,2425,2340.0,143.0,360.0,1.0,Semiurbana,Si,Ana
437,02/27/2019 10:28 AM,02/28/2019 06:26 PM,LP001814,Hombre,Si,2,Graduado,No,9703,0.0,112.0,360.0,1.0,Urabana,Si,Santiago
438,02/28/2019 10:10 AM,03/01/2019 01:25 PM,LP002317,Hombre,Si,3+,Graduado,No,81000,0.0,360.0,360.0,0.0,Rural,No,
439,02/27/2019 07:34 AM,02/28/2019 04:53 PM,LP001345,Hombre,Si,2,No Graduado,No,4288,3263.0,133.0,180.0,1.0,Urabana,Si,Regina
440,02/27/2019 11:10 AM,02/28/2019 02:28 PM,LP001594,Hombre,Si,0,Graduado,No,5708,5625.0,187.0,360.0,1.0,Semiurbana,Si,Ana
441,02/28/2019 10:29 AM,03/01/2019 03:59 PM,LP001041,Hombre,Si,0,Graduado,,2600,3500.0,115.0,,1.0,Urabana,Si,Regina
442,02/28/2019 09:39 AM,03/01/2019 06:27 PM,LP001692,Mujer,No,0,No Graduado,No,4408,0.0,120.0,360.0,1.0,Semiurbana,Si,Santiago
443,02/27/2019 10:17 AM,02/28/2019 03:16 PM,LP002138,Hombre,Si,0,Graduado,No,2625,6250.0,187.0,360.0,1.0,Rural,Si,Pablo
444,02/28/2019 10:53 AM,03/01/2019 04:53 PM,LP001028,Hombre,Si,2,Graduado,No,3073,8106.0,200.0,360.0,1.0,Urabana,Si,Regina
445,02/27/2019 09:43 AM,02/28/2019 12:37 PM,LP002945,Hombre,Si,0,Graduado,Si,9963,0.0,180.0,360.0,1.0,Rural,Si,Ana
446,02/27/2019 11:01 AM,02/28/2019 04:59 PM,LP002960,Hombre,Si,0,No Graduado,No,2400,3800.0,,180.0,1.0,Urabana,No,
447,02/26/2019 11:21 AM,02/27/2019 03:33 PM,LP001248,Hombre,No,0,Graduado,No,3500,0.0,81.0,300.0,1.0,Semiurbana,Si,Ana
448,02/26/2019 08:32 AM,02/27/2019 03:02 PM,LP002693,Hombre,Si,2,Graduado,Si,7948,7166.0,480.0,360.0,1.0,Rural,Si,Santiago
449,02/28/2019 08:37 AM,03/01/2019 02:22 PM,LP001213,Hombre,Si,1,Graduado,No,4945,0.0,,360.0,0.0,Rural,No,
450,02/26/2019 10:14 AM,02/27/2019 04:53 PM,LP001610,Hombre,Si,3+,Graduado,No,5516,11300.0,495.0,360.0,0.0,Semiurbana,No,
451,02/28/2019 08:58 AM,03/01/2019 06:16 PM,LP001765,Hombre,Si,1,Graduado,No,2491,2054.0,104.0,360.0,1.0,Semiurbana,Si,Pablo
452,02/27/2019 10:19 AM,02/28/2019 03:32 PM,LP002729,Hombre,No,1,Graduado,No,11250,0.0,196.0,360.0,,Semiurbana,No,
453,02/26/2019 09:22 AM,02/27/2019 04:07 PM,LP002101,Hombre,Si,0,Graduado,,63337,0.0,490.0,180.0,1.0,Urabana,Si,Pablo
454,02/28/2019 07:27 AM,03/01/2019 05:40 PM,LP002949,Mujer,No,3+,Graduado,,416,41667.0,350.0,180.0,,Urabana,No,
455,02/26/2019 10:10 AM,02/27/2019 12:25 PM,LP002129,Hombre,Si,0,Graduado,No,2499,2458.0,160.0,360.0,1.0,Semiurbana,Si,Regina
456,02/28/2019 10:38 AM,03/01/2019 03:26 PM,LP001498,Hombre,No,0,Graduado,No,5417,0.0,168.0,360.0,1.0,Urabana,Si,Regina
457,02/27/2019 11:56 AM,02/28/2019 06:38 PM,LP002753,Mujer,No,1,Graduado,,3652,0.0,95.0,360.0,1.0,Semiurbana,Si,Pablo
458,02/26/2019 07:15 AM,02/27/2019 01:48 PM,LP002366,Hombre,Si,0,Graduado,No,2666,4300.0,121.0,360.0,1.0,Rural,Si,Regina
459,02/26/2019 11:05 AM,02/27/2019 12:13 PM,LP001264,Hombre,Si,3+,No Graduado,Si,3333,2166.0,130.0,360.0,,Semiurbana,Si,Pablo
460,02/26/2019 07:15 AM,02/27/2019 03:42 PM,LP001644,,Si,0,Graduado,Si,674,5296.0,168.0,360.0,1.0,Rural,Si,Dudley
461,02/28/2019 11:14 AM,03/01/2019 03:12 PM,LP001492,Hombre,No,0,Graduado,No,14999,0.0,242.0,360.0,0.0,Semiurbana,No,
462,02/28/2019 11:17 AM,03/01/2019 06:30 PM,LP001194,Hombre,Si,2,Graduado,No,2708,1167.0,97.0,360.0,1.0,Semiurbana,Si,Dudley
463,03/01/2019 04:17 PM,02/28/2019 07:28 AM,LP001265,Mujer,No,0,Graduado,No,3846,0.0,111.0,360.0,1.0,Semiurbana,Si,Dudley
464,02/26/2019 07:29 AM,02/27/2019 06:01 PM,LP001422,Mujer,No,0,Graduado,No,10408,0.0,259.0,360.0,1.0,Urabana,Si,Ana
465,02/27/2019 09:55 AM,02/28/2019 06:44 PM,LP002926,Hombre,Si,2,Graduado,Si,2726,0.0,106.0,360.0,0.0,Semiurbana,No,
466,02/27/2019 10:01 AM,02/28/2019 12:14 PM,LP001750,Hombre,Si,0,Graduado,No,6250,0.0,128.0,360.0,1.0,Semiurbana,Si,Dudley
467,02/26/2019 09:39 AM,02/27/2019 05:43 PM,LP002068,Hombre,No,0,Graduado,No,4917,0.0,130.0,360.0,0.0,Rural,Si,Dudley
468,02/26/2019 08:55 AM,02/27/2019 12:37 PM,LP002533,Hombre,Si,2,Graduado,No,2947,1603.0,,360.0,1.0,Urabana,No,
469,02/26/2019 07:48 AM,02/27/2019 04:48 PM,LP002449,Hombre,Si,0,Graduado,No,2483,2466.0,90.0,180.0,0.0,Rural,Si,Pablo
470,02/26/2019 10:04 AM,02/27/2019 05:45 PM,LP002717,Hombre,Si,0,Graduado,No,1025,5500.0,216.0,360.0,,Rural,Si,Ana
471,02/28/2019 09:58 AM,03/01/2019 01:19 PM,LP002555,Hombre,Si,2,Graduado,Si,4583,2083.0,160.0,360.0,1.0,Semiurbana,Si,Dudley
472,02/28/2019 09:12 AM,03/01/2019 12:24 PM,LP002266,Hombre,Si,2,Graduado,No,3100,1400.0,113.0,360.0,1.0,Urabana,Si,Dudley
473,02/27/2019 07:59 AM,02/28/2019 03:01 PM,LP001024,Hombre,Si,2,Graduado,No,3200,700.0,70.0,360.0,1.0,Urabana,Si,Dudley
474,02/28/2019 11:22 AM,03/01/2019 05:12 PM,LP001398,Hombre,No,0,Graduado,,5050,0.0,118.0,360.0,1.0,Semiurbana,Si,Regina
475,02/26/2019 11:58 AM,02/27/2019 05:10 PM,LP002522,Mujer,No,0,Graduado,Si,2500,0.0,93.0,360.0,,Urabana,Si,Dudley
476,02/27/2019 07:51 AM,02/28/2019 05:44 PM,LP001581,Hombre,Si,0,No Graduado,,1820,1769.0,95.0,360.0,1.0,Rural,Si,Santiago
477,02/26/2019 07:01 AM,02/27/2019 06:07 PM,LP001894,Hombre,Si,0,Graduado,No,2620,2223.0,150.0,360.0,1.0,Semiurbana,Si,Regina
478,02/27/2019 11:53 AM,02/28/2019 05:28 PM,LP002361,Hombre,Si,0,Graduado,No,1820,1719.0,100.0,360.0,1.0,Urabana,Si,Santiago
479,02/28/2019 09:05 AM,03/01/2019 06:58 PM,LP002224,Hombre,No,0,Graduado,No,3069,0.0,71.0,480.0,1.0,Urabana,No,
480,02/26/2019 08:58 AM,02/27/2019 02:49 PM,LP001491,Hombre,Si,2,Graduado,Si,3316,3500.0,88.0,360.0,1.0,Urabana,Si,Regina
481,02/26/2019 09:30 AM,02/27/2019 12:38 PM,LP002377,Mujer,No,1,Graduado,Si,8624,0.0,150.0,360.0,1.0,Semiurbana,Si,Ana
482,02/28/2019 10:50 AM,03/01/2019 05:37 PM,LP001473,Hombre,No,0,Graduado,No,2014,1929.0,74.0,360.0,1.0,Urabana,Si,Regina
483,02/27/2019 09:33 AM,02/28/2019 01:39 PM,LP001199,Hombre,Si,2,No Graduado,No,3357,2859.0,144.0,360.0,1.0,Urabana,Si,Dudley
484,02/28/2019 10:05 AM,03/01/2019 03:44 PM,LP001157,Mujer,No,0,Graduado,No,3086,0.0,120.0,360.0,1.0,Semiurbana,Si,Dudley
485,02/26/2019 10:15 AM,02/27/2019 05:56 PM,LP001488,Hombre,Si,3+,Graduado,No,4000,7750.0,290.0,360.0,1.0,Semiurbana,No,
486,02/28/2019 08:38 AM,03/01/2019 02:29 PM,LP001316,Hombre,Si,0,Graduado,No,2958,2900.0,131.0,360.0,1.0,Semiurbana,Si,Dudley
487,02/28/2019 05:50 PM,02/27/2019 10:28 AM,LP002337,Mujer,No,0,Graduado,No,2995,0.0,60.0,360.0,1.0,Urabana,Si,Dudley
488,02/27/2019 07:20 AM,02/28/2019 03:07 PM,LP002959,Mujer,Si,1,Graduado,No,12000,0.0,496.0,360.0,1.0,Semiurbana,Si,Dudley
489,02/27/2019 11:49 AM,02/28/2019 06:03 PM,LP002515,Hombre,Si,1,Graduado,Si,3450,2079.0,162.0,360.0,1.0,Semiurbana,Si,Pablo
490,02/28/2019 09:03 AM,03/01/2019 01:58 PM,LP002263,Hombre,Si,0,Graduado,No,2583,2115.0,120.0,360.0,,Urabana,Si,Ana
491,02/27/2019 08:05 AM,02/28/2019 06:29 PM,LP001225,Hombre,Si,0,Graduado,No,5726,4595.0,258.0,360.0,1.0,Semiurbana,No,
492,02/28/2019 10:15 AM,03/01/2019 04:44 PM,LP002098,Hombre,No,0,Graduado,No,2935,0.0,98.0,360.0,1.0,Semiurbana,Si,Pablo
493,02/26/2019 09:36 AM,02/27/2019 06:30 PM,LP002950,Hombre,Si,0,No Graduado,,2894,2792.0,155.0,360.0,1.0,Rural,Si,Santiago
494,02/26/2019 09:08 AM,02/27/2019 02:14 PM,LP002237,Hombre,No,1,Graduado,,3667,0.0,113.0,180.0,1.0,Urabana,Si,Regina
495,02/27/2019 09:58 AM,02/28/2019 03:10 PM,LP002637,Hombre,No,0,No Graduado,No,3598,1287.0,100.0,360.0,1.0,Rural,No,
496,02/26/2019 11:30 AM,02/27/2019 03:04 PM,LP001384,Hombre,Si,3+,No Graduado,No,2071,754.0,94.0,480.0,1.0,Semiurbana,Si,Dudley
497,02/27/2019 10:13 AM,02/28/2019 01:43 PM,LP001469,Hombre,No,0,Graduado,Si,20166,0.0,650.0,480.0,,Urabana,Si,Dudley
498,02/27/2019 07:31 AM,02/28/2019 02:18 PM,LP001326,Hombre,No,0,Graduado,,6782,0.0,,360.0,,Urabana,No,
499,02/28/2019 09:03 AM,03/01/2019 01:33 PM,LP002928,Hombre,Si,0,Graduado,No,3000,3416.0,56.0,180.0,1.0,Semiurbana,Si,Regina
500,02/27/2019 11:40 AM,02/28/2019 01:00 PM,LP001289,Hombre,No,0,Graduado,No,8566,0.0,210.0,360.0,1.0,Urabana,Si,Regina
501,02/27/2019 07:28 AM,02/28/2019 12:59 PM,LP002335,Mujer,Si,0,No Graduado,No,2149,3237.0,178.0,360.0,0.0,Semiurbana,No,
502,03/01/2019 12:40 PM,02/28/2019 07:47 AM,LP001825,Hombre,Si,0,Graduado,No,1809,1868.0,90.0,360.0,1.0,Urabana,Si,Dudley
503,02/26/2019 08:51 AM,02/27/2019 05:09 PM,LP002740,Hombre,Si,3+,Graduado,No,6417,0.0,157.0,180.0,1.0,Rural,Si,Ana
504,02/28/2019 07:37 AM,03/01/2019 04:11 PM,LP002974,Hombre,Si,0,Graduado,No,3232,1950.0,108.0,360.0,1.0,Rural,Si,Regina
505,02/27/2019 11:19 AM,02/28/2019 01:47 PM,LP002142,Mujer,Si,0,Graduado,Si,5500,0.0,105.0,360.0,0.0,Rural,No,
506,02/26/2019 07:37 AM,02/27/2019 01:54 PM,LP001357,Hombre,,,Graduado,No,3816,754.0,160.0,360.0,1.0,Urabana,Si,Ana
507,02/27/2019 08:52 AM,02/28/2019 03:13 PM,LP002487,Hombre,Si,0,Graduado,No,3015,2188.0,153.0,360.0,1.0,Rural,Si,Ana
508,02/28/2019 10:31 AM,03/01/2019 03:44 PM,LP001018,Hombre,Si,2,Graduado,No,4006,1526.0,168.0,360.0,1.0,Urabana,Si,Regina
509,02/28/2019 07:13 AM,03/01/2019 06:55 PM,LP001405,Hombre,Si,1,Graduado,No,2214,1398.0,85.0,360.0,,Urabana,Si,Pablo
510,02/27/2019 07:24 AM,02/28/2019 06:31 PM,LP001322,Hombre,No,0,Graduado,No,4133,0.0,122.0,360.0,1.0,Semiurbana,Si,Regina
511,02/28/2019 08:59 AM,03/01/2019 04:08 PM,LP002734,Hombre,Si,0,Graduado,No,6133,3906.0,324.0,360.0,1.0,Urabana,Si,Regina
512,02/26/2019 09:14 AM,02/27/2019 02:57 PM,LP001616,Hombre,Si,1,Graduado,No,3750,0.0,116.0,360.0,1.0,Semiurbana,Si,Ana
513,02/28/2019 09:48 AM,03/01/2019 05:24 PM,LP002180,Hombre,No,0,Graduado,Si,6822,0.0,141.0,360.0,1.0,Rural,Si,Dudley
514,02/28/2019 10:25 AM,03/01/2019 01:17 PM,LP002862,Hombre,Si,2,No Graduado,No,6125,1625.0,187.0,480.0,1.0,Semiurbana,No,
515,02/26/2019 07:21 AM,02/27/2019 01:14 PM,LP002100,Hombre,No,,Graduado,No,2833,0.0,71.0,360.0,1.0,Urabana,Si,Dudley
516,02/27/2019 11:37 AM,02/28/2019 06:55 PM,LP002348,Hombre,Si,0,Graduado,No,5829,0.0,138.0,360.0,1.0,Rural,Si,Regina
517,02/27/2019 10:21 AM,02/28/2019 01:21 PM,LP002784,Hombre,Si,1,No Graduado,No,2492,2375.0,,360.0,1.0,Rural,Si,Dudley
518,02/26/2019 10:17 AM,02/27/2019 03:07 PM,LP002794,Mujer,No,0,Graduado,No,2667,1625.0,84.0,360.0,,Urabana,Si,Dudley
519,02/26/2019 10:46 AM,02/27/2019 06:49 PM,LP002369,Hombre,Si,0,Graduado,No,2920,16.12000084,87.0,360.0,1.0,Rural,Si,Ana
520,02/28/2019 11:51 AM,03/01/2019 06:54 PM,LP001699,Hombre,No,0,Graduado,No,2479,0.0,59.0,360.0,1.0,Urabana,Si,Dudley
521,02/28/2019 08:05 AM,03/01/2019 06:32 PM,LP001334,Hombre,Si,0,No Graduado,No,4188,0.0,115.0,180.0,1.0,Semiurbana,Si,Dudley
522,02/27/2019 08:34 AM,02/28/2019 12:59 PM,LP002191,Hombre,Si,0,Graduado,No,19730,5266.0,570.0,360.0,1.0,Rural,No,
523,02/28/2019 10:15 AM,03/01/2019 05:12 PM,LP002534,Mujer,No,0,No Graduado,No,4350,0.0,154.0,360.0,1.0,Rural,Si,Santiago
524,02/28/2019 09:50 AM,03/01/2019 04:33 PM,LP001529,Hombre,Si,0,Graduado,Si,2577,3750.0,152.0,360.0,1.0,Rural,Si,Pablo
525,02/28/2019 07:59 AM,03/01/2019 06:38 PM,LP001666,Hombre,No,0,Graduado,No,8333,3750.0,187.0,360.0,1.0,Rural,Si,Pablo
526,02/28/2019 09:30 AM,03/01/2019 05:34 PM,LP002126,Hombre,Si,3+,No Graduado,No,3173,0.0,74.0,360.0,1.0,Semiurbana,Si,Regina
527,02/28/2019 08:24 AM,03/01/2019 02:53 PM,LP001030,Hombre,Si,2,Graduado,No,1299,1086.0,17.0,120.0,1.0,Urabana,Si,Ana
528,02/28/2019 09:37 AM,03/01/2019 06:33 PM,LP001536,Hombre,Si,3+,Graduado,No,39999,0.0,600.0,180.0,0.0,Semiurbana,Si,Regina
529,02/27/2019 09:06 AM,02/28/2019 01:53 PM,LP001947,Hombre,Si,0,Graduado,No,2383,3334.0,172.0,360.0,1.0,Semiurbana,Si,Regina
530,02/26/2019 08:46 AM,02/27/2019 05:34 PM,LP001029,Hombre,No,0,Graduado,No,1853,2840.0,114.0,360.0,1.0,Rural,No,
531,02/26/2019 08:26 AM,02/27/2019 01:47 PM,LP001634,Hombre,No,0,Graduado,No,1916,5063.0,67.0,360.0,,Rural,No,
532,02/27/2019 08:15 AM,02/28/2019 12:05 PM,LP002868,Hombre,Si,2,Graduado,No,3159,461.0,108.0,84.0,1.0,Urabana,Si,Ana
533,02/26/2019 10:06 AM,02/27/2019 02:47 PM,LP001586,Hombre,Si,3+,No Graduado,No,3522,0.0,81.0,180.0,1.0,Rural,No,
534,02/27/2019 09:41 AM,02/28/2019 12:22 PM,LP001749,Hombre,Si,0,Graduado,No,7578,1010.0,175.0,,1.0,Semiurbana,Si,Pablo
535,02/26/2019 11:57 AM,02/27/2019 12:09 PM,LP002940,Hombre,No,0,No Graduado,No,3833,0.0,110.0,360.0,1.0,Rural,Si,Pablo
536,02/27/2019 08:40 AM,02/28/2019 02:54 PM,LP002738,Hombre,No,2,Graduado,No,3617,0.0,107.0,360.0,1.0,Semiurbana,Si,Regina
537,02/26/2019 11:44 AM,02/27/2019 04:26 PM,LP002409,Hombre,Si,0,Graduado,No,7901,1833.0,180.0,360.0,1.0,Rural,Si,Santiago
538,02/27/2019 10:42 AM,02/28/2019 01:35 PM,LP002502,Mujer,Si,2,No Graduado,,210,2917.0,98.0,360.0,1.0,Semiurbana,Si,Ana
539,02/26/2019 11:48 AM,02/27/2019 04:23 PM,LP002288,Hombre,Si,2,No Graduado,No,2889,0.0,45.0,180.0,0.0,Urabana,No,
540,02/28/2019 08:18 AM,03/01/2019 05:30 PM,LP001034,Hombre,No,1,No Graduado,No,3596,0.0,100.0,240.0,,Urabana,Si,Santiago
541,02/27/2019 09:30 AM,02/28/2019 03:01 PM,LP001123,Hombre,Si,0,Graduado,No,2400,0.0,75.0,360.0,,Urabana,Si,Ana
542,02/26/2019 11:02 AM,02/27/2019 01:32 PM,LP001770,Hombre,No,0,No Graduado,No,3189,2598.0,120.0,,1.0,Rural,Si,Dudley
543,02/28/2019 11:48 AM,03/01/2019 01:53 PM,LP001020,Hombre,Si,1,Graduado,No,12841,10968.0,349.0,360.0,1.0,Semiurbana,No,
544,02/27/2019 07:04 AM,02/28/2019 02:37 PM,LP001691,Hombre,Si,2,No Graduado,No,3917,0.0,124.0,360.0,1.0,Semiurbana,Si,Ana
545,02/28/2019 11:23 AM,03/01/2019 04:53 PM,LP001843,Hombre,Si,1,No Graduado,No,2661,7101.0,279.0,180.0,1.0,Semiurbana,Si,Santiago
546,02/28/2019 11:46 AM,03/01/2019 04:39 PM,LP001137,Mujer,No,0,Graduado,No,3410,0.0,88.0,,1.0,Urabana,Si,Pablo
547,02/27/2019 08:47 AM,02/28/2019 03:44 PM,LP001552,Hombre,Si,0,Graduado,No,4583,5625.0,255.0,360.0,1.0,Semiurbana,Si,Pablo
548,02/27/2019 11:48 AM,02/28/2019 01:22 PM,LP001907,Hombre,Si,0,Graduado,No,14583,0.0,436.0,360.0,1.0,Semiurbana,Si,Santiago
549,02/26/2019 08:06 AM,02/27/2019 12:25 PM,LP001868,Hombre,No,0,Graduado,No,2060,2209.0,134.0,360.0,1.0,Semiurbana,Si,Regina
550,02/27/2019 08:30 AM,02/28/2019 06:22 PM,LP002720,Hombre,Si,3+,Graduado,No,4281,0.0,100.0,360.0,1.0,Urabana,Si,Pablo
551,02/26/2019 10:29 AM,02/27/2019 05:25 PM,LP001011,Hombre,Si,2,Graduado,Si,5417,4196.0,267.0,360.0,1.0,Urabana,Si,Regina
552,02/27/2019 08:22 AM,02/28/2019 01:04 PM,LP002894,Mujer,Si,0,Graduado,No,3166,0.0,36.0,360.0,1.0,Semiurbana,Si,Pablo
553,02/27/2019 10:40 AM,02/28/2019 01:10 PM,LP002315,Hombre,Si,1,Graduado,No,8300,0.0,152.0,300.0,0.0,Semiurbana,No,
554,02/28/2019 10:32 AM,03/01/2019 02:20 PM,LP002225,Hombre,Si,2,Graduado,No,5391,0.0,130.0,360.0,1.0,Urabana,Si,Ana
555,02/26/2019 09:48 AM,02/27/2019 01:28 PM,LP002807,Hombre,Si,2,No Graduado,No,3675,242.0,108.0,360.0,1.0,Semiurbana,Si,Pablo
556,02/26/2019 11:18 AM,02/27/2019 04:14 PM,LP001664,Hombre,No,0,Graduado,No,4191,0.0,120.0,360.0,1.0,Rural,Si,Santiago
